PC1,PC2
0.7068071345962816,-0.37135563357110113
-0.4472140869627753,-1.253191137734353
1.5326890010468779,-1.426011138083418
1.6092740293633083,-0.2879576231433796
1.0757023394974428,-0.2633552829001573
-0.7996961052215739,0.2484144807645868
-1.548535708377069,-0.15755296054686388
-0.21775902166956326,0.4621518634874441
0.4162519979711601,-0.5778945916634888
-0.5009998374521305,-0.40019798103830784
0.5871713500776118,1.6727547992863567
-1.149106673517218,-0.368003678773153
0.1817359031850637,1.886564119439335
-2.268275031518252,0.2798766102167559
0.1596310782414348,-0.2562857028406975
2.4049082845356446,-0.3090307288230454
-0.8012236944562122,2.4690052978008796
0.04217384526212694,0.807765635341033
-0.5115132569056755,0.043145411037775486
-1.3976203809991683,1.999654675772069
1.177744410653371,0.5709294857570998
1.9496274838167582,-0.8140488022906714
-0.2940924077652517,1.4829359499715435
1.0876126216430373,1.0171751557818096
-1.6582748333946222,-0.722640636068002
0.3973585522015196,1.4103177364993973
-1.2052481306871836,0.10070868746190398
-0.1835147537742847,-0.6628685704098554
-0.12196564091594145,1.755892206139767
0.5868489393272308,-0.46902549144626693
-2.1479945326029157,0.16559940518422286
-0.12639473129346387,0.6639541374605442
0.8824077562457613,-0.5373588745172888
0.0028747911054748387,-1.2248872170990133
-0.33142752427521327,0.28835159147149775
1.2349067234260578,-0.8884151078141831
-2.3758639354238866,-0.686673885587938
0.13589987789273156,1.0265011655763239
0.4466660018568731,1.4306408932980705
-0.5155320483788092,-0.2809464887215992
-0.9174434417914664,-0.19586490875118553
-1.011785242002592,-0.8336979786744577
2.0762686389571603,0.5728824445036623
0.8284609739761049,0.4321552181595987
-1.0170505147456455,-0.331674156832906
-1.215997283671901,-0.788292759199447
0.14258655153411748,0.8713570930566651
-0.15182901659277467,-0.8291289572197009
1.0470513653346456,0.5593545064718206
0.22945384112787984,3.0024120131897765
-0.027279906917139093,0.16719344175808054
-1.258000452778011,-0.711106357405134
1.0124989228815608,1.507217493522378
-0.6560168216375757,0.054222968865035956
-3.4487617038299154,-0.9952912660712301
-0.9815209664042004,-0.6235724504587309
-0.5621262939804649,0.39796084702598633
-0.3357032806884089,0.06343885140368327
0.7611190348046646,1.0071116185723294
1.1077378127900757,0.3277937604541735
-1.551453174134063,0.046579288057076604
0.6849521372625044,1.5053230188474043
1.5479895104414996,-0.8771544189324
0.8007624367857249,1.5597639845603568
0.984666231841111,-0.8606997991998215
-0.11159001915081654,1.9331939370091642
-0.23533939311872648,3.036666114169344
0.18528124637653978,0.2384157410941816
1.5870950804831607,-1.8591217520596244
-1.0396659117860734,-0.23872611349100079
1.6992383340750645,-0.3792767725431494
-0.8451943226062489,-1.898776151195045
0.8164010761065514,-0.7884813399329416
1.0202303898551495,1.9047676373420215
-1.0059911000556776,0.5721303917755951
3.9348926406104323,-2.5914900299032646
-0.40284228198531435,-0.1374483631816676
-0.6282221891836726,1.7059491536140452
-2.1594253386155287,0.04642330150123643
-0.08962264696784808,0.44332446826844185
0.27000880485054524,0.03526752444869634
-0.1568840064639558,-1.209844139276801
-0.5561801540744435,0.08467757345318219
0.14291025777227587,0.14579432096520234
0.39660870108994917,2.950147014783971
-0.2645977797830221,2.9573561435576443
0.17356245201318474,0.1062294227581243
-2.910692531609763,0.1114981687663247
1.1534652578399844,-0.23269102709192843
0.34094167783963675,0.9255838884011431
-0.11604105383752869,1.4368392914608294
1.0377292139776566,0.17803042825343723
1.2554730122617486,1.0543528426969857
-1.0039618534141919,1.3806084649574968
-1.250712566355446,1.2086611626037094
0.3867186539227147,-1.4701920973704399
-0.6760378208872238,-1.5247258155566035
0.3149395124437685,0.5477025001605875
1.6532721529181091,-0.13543596278873796
-0.3954249159419702,0.24831169574542583
-0.449725141505089,1.3384807142003574
3.145414643612936,-0.8515317967239783
0.6792312732500614,0.3293507925586523
1.8269759027709769,0.8415615523444158
0.21335552386157872,1.18205337333771
-1.3599361716542804,-0.6025006036206383
0.32679991467521796,1.5665469292659961
0.23484241691849586,1.433731405511913
0.7829007854266179,-0.3581387311405779
0.24644728256645002,1.6418184435087444
0.44547731491987946,1.535874157334534
0.5594928990423328,-0.050569666615827236
-0.26935845278630044,0.6283310643081859
0.5779040396619823,1.7643518434416323
0.3196939843320383,0.4894954859571886
-1.2972068073340788,-0.7681207062110482
0.9765622393240627,0.49075295509530803
1.4166956077353297,1.2003512537426293
-0.29752362106154573,-0.7055636093963485
0.9737087458858,1.444270375975803
-1.733030928549178,-0.47259087623003704
0.5809561538326519,1.1462709528224906
-0.4348168238990176,-1.3842252782298818
-0.16188329425450826,0.23608110405002175
-1.153128660548459,-0.9605562979398343
-0.6843786297171308,2.004433777101456
1.122900692548424,0.9013742892314481
-1.0797574941321937,-0.6139150459752303
-1.0820116011368952,-0.9107483100001216
-0.7282072787487841,-0.1102133288615828
-0.3934769455358484,-1.000493767971167
2.619340817457281,-2.601773735100451
-0.6019615174374702,1.9081017505856839
-1.2218143060871318,-0.9942076401018598
-0.5406994901785062,-0.35770576371516427
1.2261107623798546,-0.15047667592963376
-0.13016459324414378,-1.1063697149567682
-0.7238328563330912,-0.27850209122594993
0.27188679711253927,-0.08716854435615998
-1.5636821657265312,0.29434512183041217
0.18213822338539631,-0.4101913621890271
0.38348681774322346,0.25302198275894283
-0.07238140588319211,-0.17948918983869283
-0.020890693940724174,0.6041596819736538
-0.40818619027015907,-1.7025668329967385
1.1630008607394646,0.5300277081432331
1.0391435383384744,-0.10590951085267289
1.0499224192020613,-0.1021855713948106
0.18343030656564907,-1.1521686120090509
-1.387152703352808,1.4735182870092478
3.4020101023938105,0.599205747135494
0.26159535354835517,-0.5481041406879656
-1.3232199764205257,-0.9873210261024461
-0.35836038515902946,-0.7001272182567159
-0.26271135239797916,-1.3195936142580487
0.07238066770918633,-0.8179476180979017
1.0254281331793114,-0.8921244622166293
-1.404480346410664,-0.26771820662711754
0.8521914514047131,1.7715834553083607
1.3872973657119654,1.615893462051449
-0.6142253732482884,-0.46478944142926837
-0.6292327242808096,-0.36227818299067127
2.0484594994506775,0.8835094469350754
0.8618149494469606,-0.7099818216714233
0.25550495919306504,1.9439150513138461
-0.6900689912233648,0.2721300571117375
0.6350532448678622,0.20231228334231283
-0.1269216965966173,0.8096392817084314
-1.6853464707319175,0.3034727283524843
-0.8726799417217621,-1.129340195471167
1.6363915063712144,-1.2468052537851113
2.5224672297664132,-1.240796094634625
1.4939497740130987,0.03861119717175557
2.013248988034732,0.2733934787408482
-0.37374051275376174,1.6577486928417073
0.6666881709218163,1.682195805098017
0.42993482379495007,1.6947462837794693
0.7740850590941152,0.37117079420528276
0.4123011542267402,-0.5340135093907722
-0.8740565923208492,-1.2750252111026648
-0.32256045887342466,-1.754843562347371
-0.35348725121391633,0.1423420386452507
0.2422088044270724,-0.2914694270260778
0.913870547328872,0.2587164323375297
3.7945220327923654,-1.7398418999121001
-0.24625705078881371,0.11421112307042965
0.6540857909295,1.218474283360573
-1.9456972257416598,-1.6081371421887094
0.18176446615779293,-0.5777543055363059
0.1426910024283553,0.443763427352865
-0.43335855821497216,-1.0511540557356243
0.3703481073512248,-0.33370951395691195
-1.5250052821517188,-0.8347260514667223
-0.7879335489742834,0.5284026903466068
1.1154027184830146,1.6141724332933844
0.875896627056097,-0.43246469901800444
-0.35753090547996186,-0.6888435628178582
-0.3845061109825536,-1.2770379358124415
0.8000295629619764,0.4485287976795638
0.2518837853311816,2.276046073215707
0.971776734699237,-1.308889837318943
-0.27014648226710025,-1.1380509243448422
-2.3094919063847543,0.1825580015393098
0.21142082913939167,-1.6859156696175917
-0.3683196206641314,-0.07543353047478743
1.5693321765124775,-0.822706118809902
1.8064591972832822,-0.24046152831929188
-2.179151249400412,-0.6277106415420133
-0.5462991165658256,-0.5393800403798575
1.3187522323757213,0.7147176225141202
-0.5718137730802102,-0.46876245142151474
0.20244088156708598,-0.22779863296714534
1.2497075368168453,0.004498451098577341
-0.023503006211955953,0.8938194426410272
-0.35277917267489733,0.020106092020841668
1.952762647068821,0.1457554369621891
-0.811903595740831,-0.3532443805298616
-0.4444952935950406,0.9939502603552831
-0.45380220085559786,0.7824914194145409
-0.6082690136293692,1.7790681286105041
0.7762257357177887,0.3006562333930083
-0.7794167115913408,0.6492702119289436
-0.33096390534968023,-1.4627717411411492
-1.448026095028651,0.4854946247803622
-2.2432237583587646,-1.4354348158027552
0.5018336968822592,-0.35505025854621797
3.2297890748517535,-0.7642200567918965
-0.587350453573249,-0.1270952708602227
-1.4657223206319614,-1.293437093487872
0.7155715053704573,0.9633163285193633
0.24751465910152595,-0.2556473963637732
-0.4923762607652965,0.39824613058770053
0.6222044853548024,0.8118000763466686
-2.17669228972049,-0.2360600015277096
0.11090664016723972,0.5692840082498005
-0.47722954100376447,-2.00144653504546
-1.5089088857847466,-1.223867069471697
0.8551720969748327,0.18309257665987244
1.89000081301736,-0.8047067186685789
0.2693842936316567,0.6397755018322151
0.6992208902868531,0.9682142681555478
5.088867702138885,-2.7419541167926047
-0.590968207025026,-0.39070516345746487
-0.9785809967479346,-0.845204846276852
-1.5134771773489397,-1.267739919174116
-2.5461353880488558,0.514196150122802
-0.8545385524421486,-0.9557157626483754
-0.7957044732708004,-0.2709752391598944
1.8545250368123811,-0.3950740617411721
-2.9120093883820037,-0.5740603755132051
-0.6638228246098461,0.23475424868735656
1.8636559036529654,-0.8158770693318995
-0.24960860304947674,-0.2861979316055764
-0.6051411145575525,-0.4529773323241493
-0.06767017254454923,0.24315200726472547
-0.41931758365511124,-0.013389049198265904
-0.4858240995286263,1.4743857677433778
-0.9869793356531211,-0.15419244264654686
-2.36327853637843,-0.716758714687983
-0.688362392673902,-0.12378882795951082
-0.38430918120197743,1.5199889773139375
-0.4444676825690894,1.7880200102148478
0.5735214151171728,-1.266820621962683
1.1461231785798678,-0.6394977889154888
-0.6226754703420954,0.6363803529026184
0.4758737516848558,-0.6407861450985671
-0.058563110282788905,-0.4795560709108575
-0.7547060028055119,2.159442194860895
2.114837265991092,-1.584805906695018
-0.49655782446592645,2.2410841164449056
1.2684877054434816,0.2959218282474314
-0.7672292469758026,3.758271510761181
0.6223927152021442,1.2976151908446436
0.37980349687109294,0.3670227583939728
1.1547490624611731,-1.4084875556013385
-0.47554536765278177,-0.6974406062479458
1.0614242093035866,0.5281272249277341
-0.9007083134633107,2.407938550834779
-1.1265366947869007,-0.9149035021670551
0.15071001355522645,-0.048030334087737325
-0.705583681446097,0.5913312518255279
1.2302734189354536,-0.6277381518951289
-0.7002862711001607,-0.5452956510351705
-3.1202872080430866,-1.0991650952864152
-0.7397596003134443,2.769590997742362
-1.8934049246198548,-0.8601102513460412
0.8531918034802516,0.1603675091511832
-0.2207833981222948,-0.19733213783598227
-2.796241959516777,0.23323648614473613
-0.20987803023546373,1.8218719769879266
-0.6722710721025585,-0.4505748880261503
0.49229609666573415,1.277574676280537
-0.4008471166155152,-0.3964894850670042
-0.799219563583806,0.06633747655859246
-0.9171363186417409,-1.6955949531520806
0.45992489164977257,-1.4663958972724314
-0.08887938916354146,1.0963901969741496
0.1604126551364184,0.22340985804574998
-0.861747714581647,0.6223350627574186
-0.16382827306397005,-0.616061190548596
1.2961084566733847,0.37966499947139865
-0.7854909121693731,-0.08532956548380102
1.2493186981469866,0.45666452339926034
-0.1354942588129067,2.41015957518967
-1.2591928166816473,-0.596336576789456
-0.8346018747325084,-0.483301985475763
-0.6658390842737355,0.1857232340011768
2.288910658158231,-0.48802270071415155
0.7137991268392951,-0.823532239267354
0.2388829727477744,0.159659982614546
1.1214910051836053,0.030784913261592772
0.14038785295602016,0.19999466723625964
-0.03918558142136966,0.3210172558303245
-0.7829259111550989,1.9355193035616955
0.5856134898877614,0.1205438394038511
-0.3744558388686968,0.22600685487112135
0.7325209229419359,0.4720814291119486
-0.18084521797983685,0.786711917253938
-1.0318202793530602,0.17803760202195995
0.7863639430906284,-1.166455520056088
0.10918022026399532,0.12626974559824283
-0.793946299927057,-0.2068420322548237
1.4844504446040632,0.9831041788963034
2.179400570084183,-0.00153152866332186
-2.017547415000637,-0.5644471946496813
0.49410010020757644,0.9475175923434257
-0.8317197562261858,1.6701361763320566
1.4168511323384037,-0.5366820578623728
-0.4804236820114013,-0.7517971296737677
1.526591809702258,-0.18941033067241628
0.6312669436884094,0.17605002438912626
-0.773845537133395,0.10707108855361168
-0.25237205872000507,0.416723965330701
1.5159822499252311,-0.04974334655693795
-0.4089451322784875,0.24612013783795048
0.22881250494443642,0.22804601033619745
-0.8410860582759792,-1.5650201034564692
0.08283280196155654,-0.9645002659069595
0.4695076574012613,-0.9686432349621743
1.5180563567650476,-1.8043161166872101
1.4739038890471743,-0.3163226671502266
0.07506848074831424,3.0472977091242655
-0.4289020883621386,0.24278510797679706
0.1804293032078581,0.9682074020691508
0.012009284128352442,0.9820396209077966
-0.13982754616757478,-0.0573977133599414
0.17349123407304617,0.7401474373656963
1.1868714640342768,0.06808856423308102
-0.04721528479458526,0.48405868871762503
2.7306840617623425,-0.6941192240541609
-0.5436216309118062,-1.0332851067785298
0.1029220398732873,-0.5519619378752118
-1.2050142897985907,-1.3956344561449279
1.0566772541181289,1.0431189491270099
-0.7664058979372406,-0.005860458754923817
-1.0803647633646156,-0.4588505067466525
-0.5087669061154729,-1.3245310479657137
-0.8030712945265611,2.8146609664111226
3.326119782419544,-1.124951941356914
0.03476089041647521,2.9685723728783793
0.13388866104100827,-0.028771316135386776
0.1470024116850291,0.7830449140481323
1.2636152231444542,-0.5907566223543155
-1.5697126210159582,-1.1158969328162334
-1.5395856016572662,1.284122737222975
-0.5500520777879838,2.258843260780014
0.6848507079462258,1.5809186133354942
0.7069752694835808,-0.44969464453461794
-0.11554106066650341,-1.193239584189439
1.6456239250098006,-0.05336900890584374
-0.6055166214179161,-0.21337376833617397
1.115888523309709,0.49251115920360433
-0.09791554933453014,-0.28662842436139535
1.1473667815439603,-0.30125566460944975
-0.07144625561096173,0.6323538039348271
-0.7336020228574405,-0.1299459698779916
-1.0022782162495218,-1.1891314681204774
-0.000864100915329874,-0.1268764485710024
-1.5513145993473412,-0.3156520845715607
-0.43626436705298954,0.45760876225732705
1.202453646399521,0.11752789208177643
1.1378211694167575,0.5460292525207567
-0.5962199888810795,1.5971814572273337
-0.9512020011683436,-0.3153362860958421
-0.15973092815017384,-0.6870912281205984
-2.507554689935725,0.271657780815984
-0.9223160894139355,-0.5232155768704021
0.302839706182787,0.4304658608770964
-1.2506593243927426,1.4812746907205314
-0.7669301149732749,-0.08028720770382033
0.10649702053097673,-0.8756338448407414
0.7942055364673087,0.31321719853892216
0.6153168868830049,2.3456037888203247
1.124953807228221,0.09139879520512612
0.1979735041829497,-0.5112810148729546
1.1256167256605778,0.8861815658377712
-0.44158122455955506,-0.6100394299986884
-1.3223209845631374,-0.6779761588515381
-1.025736297901479,-1.889130848034054
-0.4539093854562031,-1.1622474038202615
-0.19950595886449124,-0.09002543817594086
-0.8577110742012426,-1.022087018672847
0.11568107689364293,1.58367163640023
-1.9254890288731221,-1.2792711137469313
-1.8779535313346525,0.13731453509238373
-1.0094683781655804,-1.7474113645609024
-0.6483046788725911,-0.6933466883682027
-0.25928625178928116,-0.6228346006468067
5.039690424962176,-0.9674560602661011
-1.5157747056549797,-1.660988408825476
-0.29205245479481656,-0.05232619564497938
-1.8729314948200693,-0.4293325297446493
-1.586926860203262,0.8195347013992831
-1.2697164882163943,0.5788159398476915
0.2632245857872236,2.013942413559339
1.0260033600322074,1.6223968663971697
1.5433089586973094,-0.6556047211693472
1.5688292655192926,-0.6542822298940746
-0.7298889090263195,0.9787564164594432
1.8737121785642799,0.6917484316573947
0.5283947340946727,-0.5538551491336708
-0.2411578943077953,-1.3471852402191429
-0.009541114254940898,0.8693087344527523
-1.9972238985172976,-0.3149993197556681
-0.26244876746408063,-1.1141452909010114
0.024723337672872304,1.1317044248035122
-2.3783369932740084,-0.7518932582276292
-0.15008198564033023,0.28385813153988076
-0.2238506681401393,0.1506120222829605
-1.4134392986775477,-1.1010127267211667
-0.22690910336514178,0.3750580104896877
-0.7672791058948017,-0.7991567892616056
1.265583395529797,1.2179934347998718
-0.7844747197769079,-0.38164148424123934
-0.031099059613471453,0.16122509133785162
-0.790875589867904,-0.32988898949306833
-0.840967411578868,-1.1505143711947596
1.589850468239142,-0.11252392641185724
0.751226020858824,-0.36762315644364996
-1.1340252822397467,-0.7064254359006391
-1.8431479934823443,-0.7938056582586128
-0.09872002400716204,-1.6822022467349842
-1.5393140684240691,-0.1185683049725253
4.935985403900368,-1.8037580205139858
-0.09495303026064666,-0.7835456257726741
1.0158491557056464,-0.1687713026004337
-0.0867210398505516,-0.34385111126959533
1.332017177892539,-1.1788782103386817
0.26702978408407474,-0.33831332290488403
0.5890122403424816,-1.234690653196921
-0.03283175665306495,-1.9590808976346143
-0.08501745842251812,2.8589063488333513
-2.1499300952136835,0.03036118193003101
1.528967417110798,-0.20517795148652015
-0.5148196531467147,-0.25477350526398723
0.799568531078398,1.3680464146184481
1.4429998040275187,-0.7511588759141024
-1.2776692075152167,-1.2545293498795902
-2.14701732826147,-0.2936190375889839
-0.4195684895394823,-0.7483422721729712
-2.8703350253285365,-0.2452892898560667
-0.27640159118492497,0.13837498227174566
0.0801232153243544,1.0492001248959757
0.47372911946706175,-0.7169513468102516
-0.6487479778124424,-0.25196720385671934
1.089515887178485,0.8886807601701598
1.1444357408929573,1.0969503920644097
-0.16784144619750427,-0.20678597603031154
-1.5479534023585055,-1.0772169265565963
-0.14030606066819792,-0.4887678444611846
0.803427073339017,-0.9422817967507271
0.08716266961537766,1.5074217669235974
1.1717683031553572,-0.6162370348334891
-0.6009233201276298,-0.7906443966557036
3.097743169915909,-3.278766145317562
0.16473202341401924,1.8274723995134872
0.4767464849412181,-0.09623775996132827
0.6453725216310015,0.04029462522383332
0.14222756855169955,-0.8135180214020558
0.6795544325880147,0.1330197171006613
-1.6399967363525243,-0.7467288677167778
-0.5971458450785243,1.7837001894850082
2.132900094245589,-0.8775796543292
1.5961918521670404,-1.8853861084221875
-0.13784737716412496,-0.16098163497049375
-0.1531535634599778,2.7994820714606425
0.6471622527391883,-0.5557240645407189
-0.01206679528179079,-0.07491691432896844
0.9395134128924114,0.20532316537400297
1.759243198037266,1.3592510648459484
1.6429899904801784,-0.003652750396588328
-2.3402971472835805,-0.25384314938275865
0.8728174712672824,0.4459774122322071
-1.006346424331298,-0.4843008390913356
0.7440907130580443,-1.0625634781640096
-0.9873872201890759,0.2555600494767727
0.8752591331496713,1.6987652069658483
-1.7611053387613502,-1.6077203018210433
1.3646879120059074,0.8310503532292867
-1.2128902327248812,-1.0220226254671192
-0.24202120872467114,0.36756491447360795
-0.8151049095494058,0.9110746696858552
0.5608217869624292,0.9515542093542407
0.366563963629976,0.7481424097004844
-0.14309125894030203,0.6147704775730113
-0.8415471261178691,0.09968272106286724
-1.2584162686213738,-0.6716156665586988
-0.34657431729174126,1.177680140136636
0.6045531506458081,-0.7175501952560136
-1.3577698202024207,-0.9647693555225805
0.903119163179927,1.47443064387922
0.9869867267691421,-0.6944902682709131
-0.13945690142099962,0.26548559598740573
0.5737727465620549,-1.1278263924755467
0.9474030292710549,0.24081585533090133
0.7160227399454803,1.1690662967836496
-2.506821869243513,0.13325779112319142
-0.1827081491329603,0.9712904288586961
4.256301428917483,-0.7777783354682103
-0.8089481306863172,-0.6744985720859149
-0.9519067387362328,0.3784167214231371
0.12211697689255249,-0.07733914368815001
-0.2824576042690461,0.3995544404209601
-0.44553914851927473,-0.011889619471604232
-0.45527714059151847,0.09277696978666086
0.921703523221541,0.46888082634245376
1.0903673257207922,0.1654906483269729
2.329532026115872,1.2248506589745556
0.028075054262199646,1.021099014401432
-0.5608929014955211,-0.5615964557230707
0.15645373394361256,0.5835853211979347
0.6553486526581453,-0.3183905373123448
-0.07191093101970478,-1.9751739462758038
-1.2301800382967398,-1.348933568622962
0.00014074707577348133,-0.03613623774902554
-0.2625482540443092,0.8896070325555315
-0.18526344266893163,-0.9851549491900919
0.24845438785271592,-0.1871472320634712
-1.5745124335797986,-0.7037042572965105
0.7914964927064987,-0.19735427214607695
-0.025904466220510028,0.7674749459290335
-1.473798463380551,-0.6499689568686295
0.4005300871534515,0.9709338954141873
-0.37442493433486923,-1.3960751559614317
-0.09683810953434327,0.5529889051195864
0.16388633422499527,1.0830549236811522
-0.5568962458584481,2.3305619516299445
3.6423873152613435,0.7872022983241141
-0.6506486906852932,2.1277919567532906
-1.2817080762815822,-1.2721380514693128
-0.10591992826383412,0.6413635237972477
-0.16236882593306046,-0.258567507238722
0.32990722669940736,1.2754500272510456
-2.114024219914373,0.12734237113098346
-0.2471400501718787,2.555251842550078
0.3263520981484972,0.7189733527669916
-0.13579947993287814,-1.3370723461282301
-0.4476764913348372,-0.6000750991770251
0.9249450630000011,1.3882105119849315
1.2206995778899363,0.6429162892631753
-1.216579403832506,-0.5320828870594114
-3.4222134305900567,-0.929279932966936
0.8445222355907914,1.304247247505654
0.7531609541274253,1.725528184611057
1.127255538166563,-1.0993217615521484
0.9125605996788047,-1.9164074673747304
-0.7873460076440267,-0.16264443340142287
-0.8368158363261708,2.059946116108053
0.7530034333375594,1.1892555396066058
0.26969057683806896,-0.31576913807823437
-0.8307773601875335,-1.4110174093574446
2.5919996962397613,-1.0264087150798102
0.9540953051546825,-0.24611736856543973
-0.11601391605674596,-0.03800002590020704
0.9351768075623138,0.07599220754638132
0.18426929413651882,-1.3477450396098938
2.268162900478663,2.5586623422129513
1.359259927552848,1.9560043852780333
0.05889355670412324,0.27461530472511414
0.5203096635915825,1.2224358009924212
0.0735344725960149,-0.09380115260355487
0.45379219169617835,-0.47175640533162255
-0.4835686874350029,0.5946069351770777
1.2020263972509388,0.28768121176940836
-0.94937932617583,-0.16482811827725585
0.4560177558381625,-1.0985357065372272
0.8847955582955815,1.985878862994681
-1.0873742148050813,-0.0802191424029132
1.0785302210435745,-1.4097923583204561
-1.2456594339381737,-0.286813093640789
-0.016476043594565448,-0.37262400836935083
3.106691762277184,-0.7209218439414233
0.035150318320435824,0.7902485566615244
-0.11498392981869668,1.4021039190003504
1.3614935867496618,-0.5707555096846764
-2.401963262364779,-1.1528725192884737
1.2328382660040766,-0.3993592501039853
0.7835379959350391,2.043671779972374
-0.7606472055797316,-0.7020420473546467
0.054009710500958895,1.4772861066573528
-0.1489380069931466,2.4846327358636615
1.993791926137698,0.24695101083366006
0.21680675281193354,0.5048734613675889
-0.7412812527218857,-0.3315648956825552
-0.044273285382551694,-1.2467006481921379
0.8193381049089835,0.015187335108638532
0.9518644844855526,-1.2254003497076704
1.1708343928085292,-0.2690958562040284
0.8822838140082787,-0.50551991826889
-1.4113061945169325,0.4169334895971252
0.7865063532880983,0.14643783976335795
0.11579762593891704,0.42697714027079314
0.31581075297193306,1.923018306995414
-0.3539069100556007,-1.8417609935384232
-0.5001996565989899,0.7668905798225728
-0.6726879010429981,-0.7055685695643831
-0.4049035489845455,-0.08625255593698894
1.4846855856112087,-0.08564325801420739
0.21641033616220365,-0.06506875222366823
1.1616372481113477,0.8527288842388467
0.8895726486790426,-1.4102662128628214
-1.4756066048567469,0.4158845375333924
0.5702065183488341,-0.10226239881092253
-2.039428632867881,-0.2279544557580935
-2.4649539845263417,2.1196661598733915
-0.10238155801142282,-1.939486078798887
0.41981236259991617,-0.5512969615018002
0.05308087971523499,1.687023525941655
-0.37841446626425645,0.06572221137573454
-1.176837776904145,-0.1988248588231095
-0.5908995245862751,-0.04977069743523284
1.0139855823493806,0.6849159748757914
1.546194328344057,0.3301929500162587
-1.3145973501640247,-0.07348776025960374
0.22727978184689437,1.8282462779238056
0.7953617285211945,-0.25300971340559775
0.43160710587797246,0.8243918959133077
-1.3566672192385651,-0.02738739011370278
1.9993916753452883,-0.3440630980900572
-0.054997762109095315,0.9546323901309883
-0.04727335610974588,-0.017253464876528943
-1.1371866278068603,-0.4449329936760844
-1.8070686678089727,0.1619473889076442
1.3895386154472156,-0.5002716658388765
0.7432469660495821,-0.06987817615830899
0.7333354919714895,0.7185307076520175
0.48764686298874715,-1.032792647742092
-0.3302092764122372,-0.42445793936943943
-0.9567589122298732,-1.0824062151798142
-0.9135576836931039,1.1746502996095094
-0.4953523611710226,-0.03909643505695801
0.28983195649646887,-0.799629799566244
1.5627501350612125,0.12439708548657685
-1.3068298336064241,-0.9350593620981696
1.7322901559219672,-0.8886465074236027
1.1741854543237087,2.434292043355296
-0.18107686980522647,0.9735289428687559
2.0383136317654005,0.638780423972378
-0.7175186484263663,1.5918764638600713
-0.09354437514328098,0.802206076175749
-0.12131037648284873,1.513768614155747
-0.059307676286457015,2.401013758621639
1.302616194736421,0.10773108451118579
-0.9259312292391939,-0.5167093624527631
-0.22982707151486473,2.4947551177134666
-1.4085974417459894,-1.0502376321436284
0.7875297030919891,-1.3259044706792849
-0.08101228877781572,-0.2646498196841036
0.3799276219280322,-0.3604455430631871
-1.816583964605491,-0.07209369690841114
-0.08115337158662864,0.1400748502737605
-1.3137743323816533,-1.2079540970324831
1.1835846899501778,-1.4411255604705013
-2.960044567028994,-0.536510017755798
-2.8045943764751335,0.13850866140538692
-0.45166734929442626,-1.125683521304674
0.7429354392023622,1.3402225195350654
0.34434738193429504,1.356711077147337
1.2396131496252707,2.594873767452427
-1.163694226759497,-0.08067099972633995
-1.0422508476257448,-0.8031672784119999
3.380481921750381,-0.6068446400507462
4.037847221243862,-1.4523358463985592
-0.12341169160665208,0.8175363495840372
-1.1443997992289536,-1.0502904373402966
-2.532667340008923,-0.24737908220394925
0.0226298779181972,0.22157560664917003
1.4212972730302131,-1.2253036446991323
1.7353784894604019,-0.7331076234221096
0.24295508476903696,1.1079762858751812
-1.3486964266978854,-1.0781777178548417
2.438836540672213,-0.47903584453501447
0.6552662758121075,-0.5341607422763172
0.05513424447260248,0.34979030606812167
0.3008820315092112,-0.09433134273002947
1.1375716063893004,1.9445772284232454
1.2399191107714556,-0.6077751794617562
-0.34575202294652985,-0.4885374112837486
0.5754234370036656,-0.232452757556578
-0.4185292955372175,0.2060339629696941
0.948510063474318,1.012184828878344
0.1712831874937163,-0.5639028478655177
0.4900621098945781,-1.4268730506768428
-0.30250197717045024,-0.006036421525364058
-1.4012631471738364,1.8189448693505896
1.48327707527361,2.0041796255262176
0.035784997046661084,1.8509083614028867
-1.2877963379506558,-0.18143938271577503
0.3086532858792399,-0.8295944186937527
1.1060211366533463,-0.5855463993868025
-0.848735679893983,0.6689726345225308
0.2851483568526765,0.5420100393364258
-0.3799960683670791,0.4842570606060769
-0.07103319850427384,0.665569983362151
-0.053263274262943375,-0.1369081935539375
0.8513794892326091,-0.550489154529348
1.9340230689078781,-1.3150622384942396
0.5538075812174036,1.6596048225340194
0.423162755626787,1.3074029792526394
-2.1964511588555933,0.8842611898290198
1.9386036957867756,-0.5012939880521462
0.4723342651669301,0.05739662146133482
-0.1596012800568347,-0.7936024767427751
-1.5302659065150246,-0.15788790598925934
-2.6495823077846836,-0.1525283454205763
0.6196520723043171,-0.30769278643211395
0.25288621518347787,-0.35063325270438384
-0.4029804134446172,0.824367235375952
-0.5388784926019039,-0.13534011822765138
0.1814275611738368,-0.7418865184230959
0.3907531529648778,2.1108635186945626
1.172391816000514,-0.22344146343191704
-0.07771814886309512,-0.646251374378505
0.9053405981092078,0.00024338773110556267
0.21748441949167643,0.9103945796593756
0.012964014641008263,0.6637792626857073
-0.9331552098985693,-1.261717478508407
0.7094991341736815,1.6669437502820887
0.006952212214893429,0.6106980387959444
0.14194662934950558,-1.2029718004351446
1.1550103953182331,1.1293441325532068
0.11715193960872183,-0.4144092196429292
-1.4571353599622832,-1.2381162564102912
0.9855039174073033,0.39032151497587775
0.10840754669068492,-0.2916288486756178
0.5561350838890528,0.2950672588454164
-0.6289444658093977,-0.5638094071602051
0.7556530474748647,1.7468041348779608
1.3073124711884567,-1.2921616348180458
1.0125199062551602,0.32226713492367276
3.253068708020735,-2.000341798086927
-0.5222065153631983,-1.9682152306046024
-0.11036228139197232,-1.3618399400522296
0.6092031870508502,-0.4644070561126491
-2.059266283768259,-0.7893838556261071
-0.3980591703124759,-0.2006251659392471
-0.270984935006733,0.05450062579332729
0.051552470053162804,0.5988556761450791
-0.14720022195143959,-0.3473150165942589
1.227866868561077,2.515254684976807
-0.4319995197790183,1.285782317886812
0.8044421196766235,-1.7537681471104511
-1.6185443081862383,0.055233368020228144
-0.9946433971729066,-0.5483187509941995
1.0979136965297942,-1.2821125622475633
-0.05349573062073472,-0.7507143690326764
-0.9803187479814182,-0.8789413451374051
-1.638228927514905,0.014603454103111688
0.781454419380435,1.818226232824093
-1.450503878119497,0.5895111333973967
-1.4249124464127316,-0.918380884069508
1.7015982426914273,0.38728443670722046
-1.2495738287753357,0.4237529342360973
-0.9049009485073066,-0.2824877534649247
0.04709037720601842,1.0651853448915722
-0.0399739707724811,0.5593893608483037
-0.1761906292059538,0.7496881969028277
1.1190085325685606,-0.24050982720775813
0.41757851800445267,1.1703348418577975
-1.551526168409497,-1.2173508802726063
-0.8518120879018154,-0.3762201366647179
1.1969808226331793,0.5300683944335369
-0.761619199698217,0.3690960167200087
-0.4066161267723244,-0.37548500443303057
0.1501696938863969,1.3552761153901847
-0.7274088982672385,-0.8434752926082585
-1.3371657644533106,-0.7867058920601292
0.171143971319559,1.2379624167061107
1.7865334614232518,-0.8529768301456978
-1.1229628227859354,0.21696405500481197
-2.346119166714448,-0.9881589309396586
-0.9924897490011587,0.12580573499074368
-2.2039163202727092,-1.2534332360945226
-0.318315008220223,-0.16730702499366149
1.2133160093601516,1.5704973408625134
0.33620776306359645,0.732804968585231
3.1350429718136836,-2.366365220834327
-0.007135876387467849,0.12700804595116588
-0.7004956477238258,-0.033357358484677885
-0.14507196086195714,0.7905368299734306
0.4235328243384675,1.2684573687700964
2.3407577184748773,-1.379230252266795
0.08210339352134116,3.3216877813972836
-0.1583649983388896,0.6374019676482546
-0.8813929074342354,-0.6096603042229694
0.1746731373114923,0.6776340200268622
0.421225031455014,-2.1682645570305668
-0.5331218793684707,0.5507778070668097
-0.9772283502327408,-0.32466332899663053
0.25475278866400336,0.07039940219751913
3.092415008531663,0.2588858510623953
3.7001136339945595,-0.8542789403556291
0.8018065536481118,2.635721608757575
0.6804763983414188,1.2807600384064233
0.5737669707011295,0.22979890780708032
1.4612178969597116,-1.4339354708831196
-1.3519093723854374,-0.4848332572021601
-0.24218755146116225,-1.4318831846600255
-0.31175083018883754,0.6141200784758362
2.6495114539897173,0.11267733657058593
1.695094780935374,1.1632060277427303
-0.642905006352616,0.07333644606372242
1.0184083468984322,0.5359822012602271
-0.2505171729983595,-0.2680720599406595
0.5470791906664774,-0.15645934473908973
-2.2493384511878323,-0.039017737460774235
-0.6540063883879113,-1.043161472170773
1.0796351240287654,0.5474740234433036
-0.8060885913983806,-0.7878533930305192
-0.9845901589967243,-0.14578748231813315
0.4023352419840888,-0.2852948390280984
-0.32481680708937083,0.2593376885261278
-0.8657769116828418,-0.055544574399763263
1.3199512144697476,-0.5558761936710155
0.36151689943373666,1.565382434366511
1.3989429680185013,2.0577797586212005
1.9624794432666257,-0.7591528734946482
-1.6921718671442594,-0.4514132693610077
1.8798442022142596,1.4346816705600172
0.09851217276757829,0.8277735023718371
0.051374469510868735,1.1150902450833082
0.23350529586765126,1.0437505413295387
1.6748864861568782,0.259611236628035
2.0919374552685093,-0.9294728046544619
-1.6363154047478368,-0.46602571689221195
3.2090110221898382,-0.4882149945800225
-0.006850410230420156,-0.6644276559102397
0.6942947565832385,-0.3252328417546435
2.455791525411285,-0.05982269784726754
0.403245759898489,-1.095575771957843
-0.766165882621214,-1.129776297173219
1.3478679068414159,-0.9195976679655607
-2.0869996134167903,1.026129254206806
0.7793135032600703,2.0884181501264467
-1.3240284583630428,0.7227584625945265
-1.6739917595809735,-0.6373541115619401
-0.46443233078839263,-0.9923522490183547
-0.46554453807339147,-0.8187526359441283
0.8095335409695202,0.0879529597009327
-1.1509168640838598,-2.179721471557506
-1.359714152130158,0.24344157922351978
-0.2365657345874114,1.4100205421225978
1.3372303613015668,1.33686215097764
0.6219216078140897,1.5239173051892556
-0.45646305777292084,-0.378377484319406
-0.9034622043031629,0.28135727398875254
2.5131018652764383,-0.9925015627454574
0.15691437554286164,1.9003862576928618
-1.213133904256026,0.5903132839867223
-1.059980600878369,0.016942966646504257
2.856503517071853,-0.726680472560091
-0.9195168171148236,0.1383019605454534
-0.4265811427959757,-0.8125737552357858
0.49281975877078055,-0.1771538276108758
0.7552744524947673,2.245313461441862
0.5263227222983765,1.347635678975879
-0.7001645504158103,2.3838315437539572
-1.1435817373339368,-0.6577473010896995
-0.6019080237339216,-1.6568833358800998
-0.7441397314478551,0.859012221103881
0.05181728137406496,-1.9282142508259925
0.4578023660880871,-0.1438616533407758
0.662893250978966,1.8317862568618422
1.015411858026708,0.3659337956718681
0.05539382068987533,0.8650458445251472
0.7604737038062465,0.8835251044598502
0.6266032297289168,1.1052334434116615
1.8913484170690769,-0.11463209530548782
-0.6095760546184303,0.11186732567103493
0.35408674934996454,-0.09979249205733931
-0.3301009753114854,-0.1504204362531257
0.7670343746104838,0.32594321579270624
-0.24431188695865472,-1.662823800844518
-0.10594655468385045,3.0815633941322926
-0.46448979507411825,0.19874636977754076
3.3944024886315503,-0.6950064933363675
1.1280035074000654,0.596609272803276
-0.23220160964814146,-0.5969859036678167
-0.38764932979235267,-0.8593210414594915
0.7645533467703401,0.23944154985192698
-0.8881673730343266,-2.292405385499015
5.160997954938485,-0.853532372711015
0.7415808736209705,0.2784837799216758
0.5365197529666748,0.5279346822586684
-2.054659328324674,-0.505633733463887
0.8544996994333054,-1.2115624131780625
-0.10675744645021626,-1.2083464974671525
3.878155998139135,-1.4269331140811345
-2.1606308688307285,1.776588483537567
-1.1435841676112948,-0.9748907832165981
0.8651298931316469,1.1983332002259082
-0.8039969891997445,-0.20469420261513363
0.3676281055968702,-0.4063510753068572
-0.37757056265067923,-1.1953534743653886
0.7791766487589454,1.3161820879093198
-0.5424003515738183,0.6085868217182974
0.7725575240448883,0.9603234682365501
0.14543426133727919,-1.5053376504914804
0.7859814322655712,-0.3198657741130002
1.2247366979552403,-1.178819128202822
-1.2326148351339732,-1.4439856236637565
0.4485626211105299,-0.9365868155824025
-0.3750293051578043,-1.1170734823573625
-1.0928265016844927,1.3959578846397271
-0.8665571190230114,-0.1663262244879115
-2.680032321204959,-0.03162064907486074
0.36900069970801475,-0.06944057235874318
4.211912297114428,0.3992955121118271
3.496502038405951,-1.0432119232198336
0.1301738839749027,-0.2550812073524139
-0.4157507786762715,-0.19056287263519536
1.6638053501441425,0.9722886839957051
-0.6203819966761909,1.5379781359161984
4.22760701698138,-1.1115147493594761
-0.20353601361364196,-1.1758939683698157
-0.5597969163377589,-0.8131823349177892
-1.6707931852812423,-1.560341920940175
-1.0194375790208536,-0.665049322291643
-0.19996191775919764,-0.303340154112163
-0.2203737054509695,0.06039762900529973
-0.03554633119321804,-0.0021365950589715965
-1.1559521101487715,0.5516345031211609
-1.2850460883280679,-1.46332719942283
0.007037387764158451,0.0933607794754395
-0.23058976037214704,-0.3421165137117522
-0.3312446591368684,-0.3180955903226178
0.9359101213027554,-0.40748303618791226
3.6947790595004637,-2.31594031943517
-2.7983723378096257,0.36187600350134097
-0.035226337625123304,0.9468146494896735
0.7162826858920774,0.6396597559729098
0.9895594327739701,-1.4042545209741466
-1.464440660178259,-1.0863889659489958
0.5988211206697235,-1.9189403754171415
-1.438772164847422,-0.04864163560619676
-1.8283743601479105,0.38563921532022105
-0.574154205455966,-0.5511335912233849
0.2118014749840115,0.050471380231903076
-0.9920454714776138,-0.3617669233110069
0.08506600574212889,0.6787265299009971
-0.7327653306509331,0.825378605997327
-0.6126499958709749,1.8278326919257932
-0.5352203884696022,-0.3276574907352403
-0.07543303541355034,0.7748632700753573
5.022014471807834,-2.03680587373397
-0.017147103501889263,0.7409344834172134
0.35975829795751746,-0.7883106756152678
1.260450988638717,2.1205253619850035
-0.6514067525425917,-1.0514882970491544
-0.08853817211395373,-0.4888754448438718
-2.198968798625589,-0.7739490471012999
-1.2309474610501352,-0.23317185628021378
1.2378117453691908,0.47910570970006416
-1.4881239037365424,-1.1078741861047825
1.4726486252197704,1.0440686097807443
0.7049580039140142,-0.17093530738637286
1.2332206622364772,-0.5336394260628228
-2.9907735902847405,0.07480427868285608
-0.4340074733426491,-0.8740238704262676
0.8059316391649356,0.08642557672067558
0.9411499226696998,-0.03201316866992622
0.03703217711078135,0.40839387225550816
-0.0533769834161623,1.5441499356566635
-1.401758035956416,0.37506032831649316
-1.9568924146753925,-0.14972379657314916
0.38865681455995604,-0.464926760966748
0.566118765273629,1.286409009037194
-0.48158154985432877,2.721788253264855
0.47293307660289174,0.6352536790646723
0.18828835243469086,-0.9218774558041684
0.948968670529047,0.4139082490519893
-1.704943990525364,-0.6310295187017515
3.7773488067758305,-1.4288280253688255
0.5032706928385953,1.2600719112964882
0.6444888047693047,-1.4097387916612705
1.4909093441714096,-0.08841369293900214
-1.9893807231542058,-1.3644576989082253
1.1507290570243098,-0.4425288480830145
-2.3278418841446555,0.5227316280543037
0.5449090707942682,0.8375457936388948
0.45595503818299066,0.7643159411324456
0.4530405612296742,-0.7862167493216593
0.04786611401029269,-1.5325776979181744
1.6821656585079783,-1.6008939088560297
-0.11031461882874535,0.17376220331156783
1.9758494422641322,0.12953222267615874
0.21012315174958526,-0.7449120561273121
-1.2201901930550134,-0.5266696279540461
-1.121727256289698,-1.0313163428665353
0.19840283350345653,0.5108195590364077
-1.1523546630060049,-0.4592538695409697
-1.5699750451788004,1.4635819458543229
-2.673637818716276,-0.05560644413410619
-1.9557633717184857,-1.3093115692455843
0.8182083216425974,1.7827771645921775
0.8772084728201822,1.146121729460787
-0.015776105172486773,-1.6995807073036928
-0.5894922081530631,-0.0479100233623766
-0.09328188280697847,-1.0308282280007186
0.9991606520573382,0.39171719779346814
-0.7648264755645273,1.7311830632769003
1.819816118314333,-0.4029049659999099
-0.011530603626652175,0.4409446250068454
-0.5025841672971102,1.8524493127361181
-0.5027907570970284,0.1281606646794376
1.059512531760365,0.32837200590903726
0.22745279023534423,-1.0749933679922552
-0.47210566418885347,2.418107251325626
0.05436687751261932,2.5717283084511022
0.6737520237123139,1.486912161153689
-1.746049023112528,-0.3874845423045795
-0.05464772658359719,0.038356178781550294
1.1681965606909748,0.18902131402138134
0.5694277008439579,1.0300110855784623
-0.2728268941355721,-1.5413301886258288
-1.6060859251195407,-1.1284713807210498
0.9808345255093371,0.5922393010756337
-1.2257236098145583,0.7035717669117142
0.20236352082602357,0.8174403567366125
-0.6595905916034638,0.16451619486578584
0.38061265789243404,1.1023164223085795
0.6719488377489563,0.38836344011397284
0.7840874820303495,0.43752478949758145
-0.5568057955371151,-0.11721814446048692
-0.061499351783196446,0.2579331430184114
-2.019138193311033,-0.31095641132650087
-1.6618090208176903,-0.5418759342125006
0.20186080025941197,-0.9521795366100148
1.1450804710938236,-0.8356838313481143
-0.5843218648193044,-0.6934988292768209
1.799198417588621,-0.6118250150620419
-0.9001288301463016,0.7170915799231801
-0.20718041758008157,-0.786674774409915
0.2150541613914073,2.2742196449093854
3.5947617180219242,-1.8578991802878069
-0.7079839086064429,-0.24027940659524935
1.1433647248722008,-0.5174395396169531
-0.09525148516768114,-0.19080492587926842
1.3103265329687674,0.5979756693240633
-0.5845504387204836,-1.26656881249283
3.1206091365137785,1.2100571122495463
1.3875300619565263,0.2677590025555553
0.03256048422952266,-0.02622501207713318
1.4438359443912272,-0.6089887922282589
-0.34608441991445893,0.13843247673603215
-1.1311945537515407,-0.6876674447134759
1.2777425113910954,-0.45443765294240734
0.3429897190064287,-0.4989935636715229
-0.8838301800882176,-0.29148646506909104
-0.8390877879570025,-0.33471583334495114
0.27615015053030234,-0.11104514871425791
-0.15719848151688848,0.32327176415202474
-0.7803285559593285,-0.13983048286806576
0.5532324973342114,0.8350452870980938
-1.2472187434934616,-0.40911584323618944
-0.2605978144488539,0.2570938437917867
-0.9103912386065046,-0.19280745430221044
-1.143223884776339,-1.2118363771877647
-0.03417274934066285,0.45437228495841664
-1.4767938791791715,-1.3189716740644246
-1.1284711350085372,0.3009549256210513
-0.9345290559259811,-0.32321542085867927
-1.8094266709058566,-0.09363249082288197
-0.5354960706753873,0.185152121934281
-0.6522021042827072,-0.06345632738505842
-2.507966917660244,0.27771126196666507
0.41252537295100644,-0.2552715353095367
3.782317406035697,-2.6176700352449265
1.055209075803692,0.10056735701235028
-1.228964261436103,-0.8189561847017894
-0.3674544441179042,0.32889526460888185
-1.999912366820621,-0.8816551971515713
-0.4120183982186181,-0.39102628562160546
2.2244799706932596,-0.6640953351765212
-0.3008414857403967,-0.05081183461093648
2.9165659096959358,-0.29412110462891394
-1.1333563104569808,-0.2195995181842134
0.3030092635883357,-0.06218729803383434
2.8329297225570267,0.07570508027288433
-0.3030902441608935,1.8947178515413452
-0.7601239944852152,-0.6490752684373459
0.6495083002202345,-0.6212924455612433
0.32385234026503973,-0.4942839907057567
-0.2869825793552327,-0.057201948351203236
0.2893027082977878,0.02227062726283846
1.8430192132041499,-0.3602450096465053
-2.054482267019938,2.869739227542826
-0.13158567183354183,-0.8210208776508191
-0.8597699613332994,-0.4941295246485693
-0.7561231970900231,-1.8566171766511155
-0.06981912053124092,2.7255296612335025
-2.5157621718723715,-0.7130554204794629
-2.157081373340611,-0.5284660345554049
0.15003361314358624,-0.5239767694449093
-0.42547080867423503,-0.05732953883247867
0.7243969761899223,-1.7896421996299832
0.8149464663279518,0.9214644752581439
0.18071624299975594,0.9906400688690581
-1.0732502080187942,-0.5715815734328369
0.010360970144222152,-1.0016591677178457
-0.7437706956051879,-0.5339300298308688
0.04078838120917822,2.347224919710777
0.7159399631768543,-0.29278814551091414
0.6882956153314793,0.36302987325954705
-1.836476148867671,-0.3091776859498043
-2.166940102125616,-0.1608456998211435
0.34092490984096446,1.1267660520639269
2.593151185552739,-0.5593630686149904
1.180080170406784,-0.5378502359774315
-0.45625259659527695,-0.3516362351483554
0.5446511994202194,0.614408294696437
-0.6806114541035319,-0.2822957348890852
-0.1450279471001266,-0.28673038519260274
0.25003759744125953,0.7123357351350323
0.3987008827724249,-1.374555251326115
-0.3312682947971329,0.8299907487653845
1.4166200797516708,-0.1191282049287247
0.131504523537598,-1.6541361196297388
-0.21409878205736768,1.0960278227471607
-0.31981585387662853,0.38672277168983704
0.004140709068194803,0.07759452505948844
0.12410863320731344,0.2570050645999724
0.2886233355879252,0.6900152801745261
1.7712477332920868,0.08814185529988504
-2.463779590815295,-0.06336244638739953
-1.1927944654080602,-0.47583141238575677
0.6666780139439507,2.529088114565418
-0.2772824502484893,0.060441661028206
-1.2755505995783842,1.0427900479862104
-2.60826187593051,0.11508222385630225
-0.8037751309720831,-0.016704117325500062
-0.12140281591794935,-0.21020902483870937
-0.03671131933658324,-0.3509319711844229
0.7014612760652572,0.4936730721383289
0.9767736391671313,-0.11214401346639691
1.706409007467801,1.6596438446912387
-2.9123255437631204,0.17913189448549993
0.34188853377315354,0.5214683894224855
0.749500588090798,0.10042417866088704
-0.7697899615851842,-0.8137845004359677
1.7390560856062205,0.007391666472436401
1.915893581990139,0.07434154229132313
0.09411567460289988,0.24635567548512086
-1.0352087906822593,-0.05435851773234411
0.5523350009848322,1.3988612710310384
0.7238232438451585,0.6727362243981896
0.43493164074406365,-0.6510749081844646
-0.5975657013787763,-0.8173422376617435
0.27406122112880926,0.48124674378075616
0.3537753522518182,-0.43970878583736916
0.5187495993690997,0.1020598035195106
-0.08613063342249523,0.31335271347338367
-0.10923654972063948,-0.2555611204112571
-0.023692338256408332,0.7029098897351514
0.029561765683281012,-0.16686640432400143
-0.9071426142171619,-0.19979866217272477
0.40888741490659863,-0.5278834715674151
0.5013485367440083,-1.1482834992269257
-0.2307151112085302,0.4045601235456182
-0.8662442394568245,-0.3089720822977108
-0.3968909876527597,0.191828666780279
1.0387151781102875,1.2427298435812855
1.2097740980211413,0.748417223504084
-0.18131978389254774,0.7998407971485824
0.41044064161831173,1.264720701324608
-1.0047058753715659,2.346900130119632
-0.9980069776068023,-0.48020615303499814
-0.22882802873322297,-0.875545720318885
1.5292699629879682,2.2554849565257706
0.6819936608836292,-1.1000548558272025
1.1129615414836278,-1.30823790131366
-1.0772439598771213,-0.6108676788666005
-0.7839807571217103,-1.0476893182731457
-1.3449234050414338,-1.1358074337972297
-0.3967814933723047,2.8896526287114175
-0.4643805452029942,-0.11376312183274612
-1.1806319407150978,-1.2089000723023722
1.063089984416485,-0.7382157106276993
-1.217721218829964,0.07158633412704073
0.7573860926881005,1.594613928216651
-0.7628603594314424,-0.6026115604176066
1.3000689230189002,0.034211360458171115
4.758366800959561,0.16641918901565603
2.2373247192883117,-0.7932395823421117
3.993344881004656,-1.356524688378584
-0.7513635122168617,-0.5931260215565474
-0.2190714288882751,-0.047482721134151584
-0.42714140247314586,-0.5174993498263681
1.2809338385443738,0.0006857714658015657
-0.03823430088048574,1.8610851679587477
0.13523573350489526,0.5842264820937418
-0.664785041577726,-0.5876872106824127
0.970200566334795,-0.48939297596253895
0.20887771941164932,1.1372170797911991
-0.39057792493740784,-1.1695704950282937
-1.328689271140683,-0.6242225308327323
-1.4862452416372312,-1.0342964355035154
2.33996630569875,1.0243950903521635
5.392661368409629,-1.4356145150060555
1.372789785852265,0.16532532644796905
-0.11943561906345257,0.16769783947356331
-1.0783093331747866,-0.9223857199507712
-1.2333826340604637,-1.4676890623049264
0.6922433887363635,1.2994660937894702
-0.37798376570016523,-0.329320459374536
-0.20081630576030327,-0.5116819049443365
-0.3721912788446379,0.2600609471947872
-0.6850700295749561,0.07210131159321416
0.17625948600736815,0.7589413322158085
-0.2135987959291289,0.8205419666113349
-0.8937774986969191,3.5450152301301374
1.098042816665121,-1.7778815161779515
-0.04733334637827859,-0.09447287917158526
0.9145406730050306,0.5665033937664385
0.6204016512905461,-1.0784730943978573
-1.1034119065853663,0.6879691781243483
0.16315394840459851,-0.936296227277547
0.4265631620133231,1.0079100495191806
1.1592611944538114,0.11800667671321488
-0.38761266010825074,1.6601603418493847
-0.7422307978101571,0.3508074720794947
1.3925269969382104,-1.554476461193937
0.1326286917724872,0.8629547601963041
-1.2538986677660682,-0.919798918573928
-0.48094363593960554,0.1908571579077827
-1.308868759911799,-0.7957592304187762
-1.3324031125277789,-0.8742999568944154
-0.010166288124960704,0.4062477128677574
-0.011373452662987824,1.0370553242255074
-1.5007514459905429,-0.36751899214651906
1.8124186851584005,-1.4706159244194903
-0.6498771659666338,-0.7997854620821954
-1.077976975471299,-0.9166960145339972
-0.09735024653126026,3.1444251151628992
-0.8709595991462072,-0.32197791475375426
0.06439137671225395,-0.3112105610891457
-0.793444789383266,-1.2796077289631789
1.25708298784571,1.278805194925384
-0.0916579186949004,-1.0197927912627982
0.2457104250164596,-0.5412697684185632
0.04159713046010322,3.231938530408552
0.5759916475071406,-0.12286286649461028
-2.5316501562214233,-0.8390768428107807
1.2549091004914499,1.1102408427923007
-1.44819302581835,0.5022276205921558
-1.5044738639080142,0.7010932069172635
0.4477419068569556,-0.38701193442669546
0.38521078156570865,-1.0250816765789534
0.21457502806642129,-0.9465350128821706
-0.24069526282162232,-0.6940473195413397
1.281443965895512,-2.0268029962338177
1.619432373299653,-1.0167327016984882
-1.4133260321148307,0.42795355345057307
2.5650218002615444,-0.19399465130107293
-0.5724674985141587,-0.8433253759773265
-0.24789802923348056,-0.9626870135834462
-0.03639818723850205,0.5649819044499931
-0.7550312663905852,-0.2594465031508214
0.3734406384981258,-0.5417578725875987
-0.24363819381307594,-0.24508556399694756
-0.015062188932306333,0.5056890599725722
0.2391824252800391,0.5219700336816262
2.8072240968797657,-0.02348034368280645
0.3260143059902699,0.15618664757127182
1.9280025733789259,-1.692975255784951
-0.061153419093795944,1.653123472377903
0.0200424308779139,0.3100864673267605
1.2689285480304515,-0.6884325416532815
-1.315678981132083,-0.07773073863323615
1.5337131185140511,-0.8586235891406951
1.597152011751935,0.8496381678312079
0.17459494079269744,-0.6206089857381905
1.2366589081162451,0.7967362700083478
-2.691183324697885,-0.6735317058003472
0.1914357112278384,1.655276101177599
-0.693758895203457,-0.486339901773823
0.8931784748187269,-0.8179413334669952
0.08643423609013526,-1.0638047094637595
0.685892020387211,0.9336331521101131
-0.818237119186005,-0.8148975192284049
1.3014994915124194,-0.4378797212366242
-1.0282673757079686,-2.4762700100527875
0.2580127941135546,0.7945953914780124
0.7570135717653548,-0.8854657579108709
-0.6051112341250926,0.8798900390564753
-0.13670995786628978,0.49989767258140017
1.1545627040001734,0.013055539871976975
-0.1022730730799932,-0.6009773853701821
0.19975720166136748,1.1937087021113284
-0.9438150933475377,-0.8230946945539953
-1.9664955803731587,1.849308535303149
-1.1647562748047664,-0.7562809217387623
1.2369070728742626,-1.4114409936349774
1.1193118381078848,-0.2564264883511419
1.5462418186750782,-0.3775161474827782
-0.9633661191898781,0.6107982916220296
-1.0954484278635823,-0.9006109241099726
2.6815701762955677,-0.198139583200542
0.38476778715885557,0.15240620696933216
-0.8741123873918293,-0.9228468371218777
4.120535351282411,-1.1250236403750378
1.1745997768221788,-1.0878504127941102
1.1575834310089141,-0.4949377364366243
-0.19982994083895228,0.05599249604872217
-1.430872128955865,1.57397880130517
0.8541516950831394,0.6794187660605349
-1.6620332044825292,-0.3164502597783806
-0.22513323941659902,-0.2822425642435571
-1.0281268021476773,-0.8211507443374755
0.4717534594716267,-0.12769704363128404
0.04535389266429161,-0.28241376334566026
0.251420722318179,0.21673956108655668
0.5184995008770406,2.8830557482118797
0.18526262907062724,-0.4596581762731342
-1.6805016147340948,-0.3729759688271793
-1.8562158280673233,0.6567207015401628
0.7655736481240041,0.7464554139185097
2.2463193190854898,-1.315130450624599
0.6704450006552789,1.8149396281465466
0.053521269707947995,-0.6928442608133643
-1.1200934380841856,1.4827885950189619
-0.7417349956480389,-0.14172493832350816
4.373998610155034,-1.542089769796732
-2.8989237174713627,0.49071554578849885
-0.5651386572916017,-0.3754651243105752
0.7391615820985695,-0.7758282989732121
-0.03949627046169003,0.19029224039426898
-1.469692298679886,-2.1818471081382897
0.08856877075253716,-0.36267357704771475
-1.784643551441677,-0.031112485611190954
0.6981475436432164,-1.1751474169900251
-0.4166572739135203,3.052988382458601
-0.0037725727752106267,0.534043349044067
-0.29532786127960464,1.273860307988605
0.5356704461091004,-1.344780087568942
-0.48413931832331136,0.42767545894644166
-0.7860007411023291,0.16257039101525173
0.7289820110107731,0.3124632768941621
-0.9384561462745242,-0.673799369714001
-1.0467676302162925,-0.7077491990605973
-1.4046491446285134,-1.2814278593991708
-2.0036049812126877,-0.8264079599348273
-0.046641764653446355,-0.7549821661801538
-0.34242216259035757,0.3790978769397746
0.06666525502992313,0.3446382784746316
1.9576498926484747,-0.5096044974649308
0.9725041714232863,-0.6946928088811439
0.9722690940090897,-0.8180444872093443
1.056515870453686,-1.3823156902115021
-2.503291229196971,-0.7589687143587694
0.8943369852240584,-0.9946980302884054
-1.5994142877135142,-0.6022825768877648
-0.008069146335361113,1.1362998594068698
0.43544876042097014,0.20052815684775405
-0.47359282907081995,0.004593661175161426
0.3274268181862118,-0.1883276429098624
-0.044819583385144704,0.46573444492368476
2.0680474761333936,-0.14172039450322793
0.6178393911806201,-1.6645239142204604
1.3969668379562463,0.4303471244548206
-1.4609168994904225,-1.9169352069949184
1.4182685964952695,1.283806440074848
-2.028743753550047,-0.7882247255761363
-1.6352682909547687,-0.8085211254913619
-1.1383558492821968,0.5232481423725925
1.4094261182940955,-1.1511008209886484
2.2414252088571183,0.16412763168251815
0.3111090146495412,0.41243586709225033
0.5490397781878827,-0.8103335932830884
-0.45347589202190275,-0.01170482202950171
1.0586254933926136,0.309747016970071
-0.8740728554772361,-1.1553961709874008
-3.082759145143964,-0.028705230278259178
0.19751749749968642,0.6572294475358718
0.26361917006281804,1.1375122608207209
0.4346121263213748,1.2095003764981358
0.40783994811935864,0.4167004790087746
-0.05984126498612577,-0.3138559077544263
1.47979220107607,0.965112833951495
0.6777807420282855,-0.11407553568651982
1.2832588721457474,0.6071502630646132
-3.29011892830076,0.5119767854612934
1.1128498217204807,0.46401059178645754
-0.7367663289495854,-0.5792797057485647
0.1074309442321269,1.4242710503551497
2.2642489109703408,-1.3158956249095675
0.5169783117315905,1.4785028484104163
0.0015638518099903992,0.9537028291290658
1.5758613195620286,0.8594921309995985
-1.8843767769187802,-0.6993273001234181
0.05856930907879108,0.6483803923977033
1.299347097215891,-0.9710480100756924
-0.9317841130521292,-0.942709212957656
-2.400774174543118,-1.0489833565863709
0.8667443652642672,-0.41218204036180106
4.253986094710635,-0.5077108179678375
-0.11263739110760115,0.5138778199350346
-1.0037521500548743,-0.41732626198523914
3.9485572093381927,0.940654802976542
-1.133454323386362,-1.1256183371000024
-1.2246000400965364,0.21381450830992876
0.36606980179496784,0.7521600982169667
1.0987481340827066,-0.09496300619515916
-0.220660566912621,-0.11855339395953615
0.3216573437670369,0.7359848270080143
0.10849446938084559,-0.8115516906554779
0.19945639291655168,0.935585489613978
-2.4978165109702655,-0.5095240764998664
1.05277306291828,-1.018626196024308
-1.1115963810636258,-0.7663742252297452
2.020676717812203,-0.9272388202544743
0.33968309307584055,0.1120705887098057
-0.37916682982094135,0.06457586993510642
1.3451297002827693,-0.3621598220286727
-0.9605083124888194,0.92159253921017
0.6873389220114784,-0.9772175852145542
-0.31988305521944776,-1.308637948634162
-1.1505538621011357,0.06504690112572026
-0.04116221062462645,0.6692848242082984
-0.8815028851253559,-0.11102009139930585
-0.4937469880168146,0.32603455631613854
-0.4725236866508762,0.46444931174898296
0.5274706667336758,-1.3463022234248694
1.465128963492384,-1.6343052686930042
1.1036935774160477,0.723560253510406
1.590380226058878,0.33285574179115907
-0.3697432327042986,0.6052441648095261
1.1319581564513048,2.266923155946782
-0.6690618146916516,0.2361341512800659
0.14840186255275833,1.1402887394730095
-0.21696798311437265,-1.2310514395868823
1.4933705060182147,-1.0404741414684506
0.771901103275886,0.13144536310343305
-0.6714129585804979,0.7665209504579218
-0.5176264101274484,1.8539600908548306
0.3146882477498012,0.9459076400783307
0.08680486305286267,-1.025284189645784
-1.2030877710693835,-1.4426726689321034
-0.711512980380271,-0.3734057448367486
-0.4217209496523846,1.8625165856299544
-0.5842241392023839,-0.17939993279704927
-0.7855394086971372,-0.06247622663238418
1.0523373900830353,-1.0256774880899606
0.33251640825801915,-1.5129617481727227
0.9486334213743968,1.1825418702229542
2.2449030747806513,-0.006278760879247003
0.04158237029673582,0.5418119176490643
-0.9101445428244773,-0.994995225356835
-0.7486086029716567,-0.05411312973415801
-1.8829714646742604,-0.43336691639855107
0.3886549768893466,0.5788423884687127
-0.2478203595010577,-1.434274779091663
-2.183284598273592,-0.5670232630474391
0.2092856964191612,0.7802518927644253
-1.025671193371385,-1.3205590577319297
0.563802933015326,-0.32925286921517427
0.503069112897672,0.18765048883124735
1.718778531912163,-0.03764111909942895
-0.5345859169486719,-1.1724709007210956
-0.4077826207762142,-1.0724722420392894
1.4886445149576146,0.48201986796383955
-1.1345601979940683,-1.3947582980088538
0.6264811413616449,-0.2756494457214872
-2.0963386192597966,-1.1331761754555623
0.649550920323443,0.16645307326177922
2.4710901922093846,-0.3096081257280564
0.5911839416237017,-0.27188179138792257
2.037711840963285,-1.0372457368086496
-0.43061399888824864,0.43592517181708157
0.5991815339830284,0.9479495271900608
-1.68810082837132,-0.15006250523599096
-1.4156081421995819,-0.09758102395738552
-0.06997145647447608,2.01671867356889
-0.38174671214167766,0.14606522311682643
-0.8448698946185673,-0.43681673667953336
0.9601350793610082,-0.13612659298722765
1.1395551361341272,-0.29713963310518254
0.08002314979241171,0.24937810335694938
-1.6103252907509809,-0.09544602211779013
-0.6124537602233943,-1.653680486598213
1.634353173063752,-0.3880983421877352
2.4186106126552946,-1.7534908955882749
-0.8513469673920391,-1.6230865381204054
-0.2972586183560102,0.685467902623982
-0.9718081907960125,-0.6851050890457315
-0.5932131022249034,-0.2730543469119824
0.08308857326616337,0.3755904409680927
2.3393291828343226,2.023677153831625
-0.6201413137177574,3.7422516772582295
-0.8765108351222739,-0.2776273971343839
0.6454769923690081,-0.05527747500460728
-0.8106434788151916,0.5973014082070692
0.45105279809564713,-0.48570170253772005
-0.7529607363240309,-0.3482956295338008
1.0962243868260622,1.4046677967807124
-0.18872188635706588,-0.07213806221124297
-0.7079921557851206,-0.42401465273843075
1.9239494831591935,0.7905104112094156
-0.06206550336464618,-0.08457379805213541
1.8923981965492565,0.9552575580849201
0.9840948585213778,-0.5354656640393655
-0.09064800910080076,-0.13276457573650582
-0.09886712831667598,0.4476247987926598
-3.110644720601269,0.42067251798137506
-1.0452451413860318,-0.3424272318316063
-0.1084606427058751,2.9303170468292716
-2.194619605750481,-0.3812373294128477
1.226994394909739,-0.23289496734062123
0.6913925944016964,2.0558590441278075
-1.2763623700504494,-1.211393298910114
0.039467366590112275,0.47766080830001323
-1.1054683136080032,1.0756824861440126
-2.241749320116335,-0.5568119425597837
0.19956043326156978,-1.3215294261278312
2.219509473634925,-1.6190843243411672
-1.7517582078560574,-0.5277308123649588
-1.4396768591747275,-1.171473820958833
-0.4649133687744418,-0.24794145126535302
-1.0758842047249493,0.6200285414548043
-0.03646653700162163,0.11746707833071773
-0.9896307527051478,-0.3902560054560339
0.6415797756124777,1.0522774289793155
-1.3386184155233867,-1.143311218581958
-0.7234393293730863,2.370847336546751
-0.8448211203034071,-0.20156208403305806
1.1983364962557517,-1.5359075080176772
-0.4772039721962443,-0.8422928505047161
0.24808595349652138,0.8586842601449421
-0.5014855662253875,-0.33899822920835554
-0.9954292587007194,1.3048807378382572
-1.9993055937659774,-0.5944813876926878
0.37688834774746394,-0.04220758994512078
3.544468238011082,-1.7123285306996372
-0.13014219612362352,1.0676528429370302
-0.13573755798642365,-0.708246310161934
-0.4398862987111437,-0.4724931471976265
0.3070835920924456,-0.6297205371285216
0.0807546997151426,2.9079853599939995
0.2932405398571782,0.3509933715438145
0.09640771309228696,0.19513816186579022
-1.5184726762099408,-0.7831999617473909
0.814439202880034,-0.6605468438623128
2.4439762263736506,0.6309568453401296
-0.6273600577585732,0.02978292759305371
-1.183026533277538,-0.22838752938763188
1.1709946687530366,-0.36594601130359294
0.8702022167872057,-1.0053519834605957
-0.7937456330591665,-0.614902575419976
-0.4417009633843645,-0.6411346192014942
0.0017843720513640651,-0.5816837655435195
0.4759772554632302,-0.9854776337187596
0.43571555634193854,-0.3569533422946932
-1.0117584428123962,-0.40962198484390655
-1.9456820137540158,0.18551047154005157
0.3392249510639421,-0.29065600068198993
-0.6379178519225606,1.2698164924467892
0.25894762853832587,-0.0514044815767816
0.9883623511078043,0.23893721352442143
2.2141436963254963,1.1669087667548717
0.18820121274216692,-0.5082965613906218
0.21412634535379846,-0.4582963977251505
0.02433296450591376,-1.3187326586822192
0.0259761462224389,-1.0563176116367428
0.4454143097064236,-0.1959388266178542
2.521129397234573,-0.4681913630538638
-1.8277767985909639,-0.6785482209811716
-0.5350948412263913,0.2065123907150302
1.2673296432871513,-1.5284956078976286
-2.773729254611969,0.017835605361643844
-0.8955876286973713,0.12284911250353192
1.5043044410913542,0.31916952333097504
-0.36424442317917244,0.45639641247963336
0.04218688870063351,0.757723620347012
-0.5064095417017854,-0.04718039440026486
0.18267287017817435,0.9802394492537225
-1.8718951375251256,-1.4352557012857068
-0.7145583536864036,1.4009353317985824
0.40275598219800385,0.45551749225219273
0.2224984280146657,0.44057158378865524
-0.470799229457548,-0.9808988007527621
-0.6789178333090101,2.3689948524896236
-0.716057035829426,-0.8457215031153574
-2.4488013669458883,-1.0037953405757718
0.1318032214222021,0.2920798621495507
-0.4809606822226311,0.25234108937734767
2.9735441862455665,-1.0132574596607875
1.212160167041325,-0.24312774076885643
-0.3626252098271552,-0.40034250803933025
-0.5700283428784876,0.1279575507309259
1.7168606927488772,-3.22477678649476
2.550801048350415,-0.8260420123529538
3.7276032667286674,-2.665184210975214
-1.848158710200437,-0.20405569257062725
1.3721647997886752,-0.33474387048201215
-0.16769596140047477,0.5291470352076661
-0.01691892443909472,0.7994562053133415
0.340083105297997,0.7675004315902001
0.4664231408246695,0.2623677056870474
0.8383058550843516,0.8610087217989686
-1.909630670534902,-0.8889607485483014
-1.6556020714851487,-0.649854965981391
-0.17759902023250343,-0.013099829235531546
-2.0617030359329283,-0.6842923355447532
-0.3261672958701711,0.47153523760641236
0.35454323694665213,1.271472260189129
1.7161388138629148,1.236798929420781
-1.6619242949670885,1.994614586575344
-0.3061040505028289,1.5412803893928027
1.0120386848214358,0.42768498923892906
0.15272998408563265,-1.5621134562788268
0.6766171511485617,0.1214168688450826
-0.7870408871248871,-0.4017303348012723
-2.2890547599709197,-1.2803257558968228
-1.0211450107013413,0.46987182299479635
1.778197767014261,0.2300932159045949
-0.14198919085726436,-1.0153768374886931
0.8909628934430988,-0.7965410504175742
-1.9023552391115055,-0.5743136540571284
-1.39107902630704,-0.923146553736981
1.3661536374433498,-0.26985757765642016
0.37696681272237614,0.697822581954103
0.10429861831989795,0.18849077410034265
-2.0331883752701163,-0.46104206850106455
-0.7852297298215045,-0.6323204572437605
-1.2534326634331048,-0.9442340820916102
0.8178038631028863,-0.050863452644143575
0.546466581342309,0.7130471604316261
0.1099567770938154,1.477092419939884
-0.13728442803331634,-0.5764587505439621
-0.5033818753663695,-0.38835057701608044
1.7689092864628702,-0.4863499911227709
0.5447234484278749,-0.6553429354278313
-0.1175922457060623,-0.08230053426013367
1.5562695934035078,0.26321646351245204
2.288622471158111,-2.1421434614771724
0.7003706141406528,1.0490143087178467
-0.885201459751375,0.9023737630832191
-0.06317019118590782,-0.592843745319401
0.8383054297657581,-1.2386725492233739
3.401143848217473,-2.0736625761992484
0.31655600850666615,0.151585106848608
0.45600202907692,0.34554902866411175
0.13353333266278206,1.5410737879956233
-0.994208881302276,-0.6132940375129422
-0.14993235619648498,0.478551113022574
-1.2974236012110423,-1.5168689054991293
1.5027110949891518,0.42902405447275294
2.0578193785258074,-0.41561561465932584
-1.126480978395285,-1.3074251254139049
-1.7123875316422261,-0.7203914310429554
0.6397440609549134,1.497731798024915
-0.0665750608982598,0.9252830709554528
1.9666501989036713,-1.1912380743237039
2.918542529148822,-0.2925604848593155
0.2532518171440402,0.9803717694126204
-2.0121818771368676,-0.5544573503357365
-0.8894851376165712,-0.8988169548760951
0.7943239887761497,-1.7034527277621814
-1.0581828921916991,-0.11734396627150401
-1.1404735527881282,-0.35118895721509524
0.5165793245318714,0.6047708061330502
0.5313538262681172,0.8106861676373135
-1.5451909965442796,-0.18470040388054068
0.21515838850068017,-0.45144450237050504
-0.27647861680479363,0.9241238398139173
0.0034933894352774802,-0.29357197761202913
-0.1540042445198164,2.7810224479480996
1.2737091864366115,0.6077295237147681
0.9477636205843516,-2.6256494876542504
-0.13636703420088903,0.48988029021427304
-0.04629761684322782,0.09064766507274
0.8680245851419591,-0.06813896345479487
-0.9098166197604463,0.7104406863393842
1.5582236244017913,1.2214107887322863
0.0997190060292941,-0.5183428090267874
-0.30482360332023006,-0.7248474184241906
0.7226490963190875,1.022696547381182
-0.11459635312956014,0.18970285963314293
1.6145279001739712,0.6980211840652085
-0.46370585346544474,0.6763036758119372
1.2307734086709121,1.6324095770653262
0.3972781236791628,0.457429602818334
1.4754093306173992,1.0991485042013476
0.45123485716218303,-0.6457194739880444
0.21336869725342875,-0.3405668057147473
-0.865964422806242,0.1113316547867466
-0.2651202768019935,0.28163855089448153
1.0120738186889529,1.116381794241932
-2.0437965706711214,-0.7041570242266015
-0.8835022078744826,0.42411499798829577
-1.6196222276473855,1.7107705641851887
-0.035744349288299906,0.16777071048219847
-0.4100383843447416,0.8505718671332868
-1.5636614595992901,-0.7844115092146184
0.3859026495487926,-0.1985390247165825
1.1507016390099374,-0.7936292418037779
-0.32868186601573546,-0.9791761945300863
-1.5735243420215037,-0.8959055192876179
0.04035903599326234,-0.7491790489958458
-0.8914150262814268,-0.6530774833089517
0.35234417779327964,-0.3793982203018087
-0.415111848175513,-0.09949106301925054
0.31788484547966533,1.2733809496812127
-2.344264870573141,-0.6883981650611777
0.7030107013474479,1.448612897819493
0.5240566283128733,0.4593341466151145
-0.44146733358743706,-0.48818201422309726
-0.19114223383858722,0.3374976464874837
0.1636880368675378,1.1634435697777477
-0.5945039904893118,0.17429797273682007
-1.182895071928318,-0.7376020358852106
-1.4561512865585182,-1.9195966902510786
0.14069608705799255,0.9226587808973552
-0.4843510966623657,1.0716036747619897
-2.0117053481153415,-1.5138322170255634
0.00906742768003576,1.1937834384567148
-1.4559687770898726,-1.2654203967599302
-2.593925413964605,0.12326614954316549
-0.19411313455708112,0.9405647764176872
0.2022794475485796,1.5321095595947167
1.4008588287979808,0.5816185619513279
-0.8672726904872954,-0.9762721324251329
-0.4551307216208655,1.7182931757097528
-0.32660953581721225,0.14946385785387417
-1.3512670347096016,-0.2131416123115252
1.1271941299010737,0.6543726021976699
0.23684890253026694,-0.24083604999772126
-0.2375105069060189,0.31483865837234215
-1.485884978612398,1.368572872031708
1.278345755537321,-0.12543764159126725
1.5561894280001551,1.4972441815414652
-1.1503375052526719,-0.954072547970477
1.219906091399043,-0.08813500921287934
-2.2108159196508184,2.6077555351838333
-0.6401250466460403,1.1029744337230099
-1.058560950447388,-1.490209202390036
0.18479770966229492,1.1146263763151716
1.6122563832105001,-1.1702738860579731
-0.523038376779928,-1.3751400420651558
1.236227739810709,0.35345454050092073
-0.22729665673665775,0.23270852076794082
-0.07367171392933228,0.7389126109813562
-1.1389599667064687,-1.0619998694908177
-0.9202995936500913,-0.23742142188895002
1.5191066351420799,-0.3385613956310378
-0.32404572165874024,2.217567635669262
-1.7281474584321146,-1.9100482000706926
1.3525347205062586,-2.840150894517825
1.1983064244952026,0.8323171635626468
0.14801331724818484,0.1285751862400779
0.002506673754704772,0.12356808909213925
-0.8584758810964148,-0.0172325660172076
2.437011493110627,-2.64582775821649
-0.3823500133017711,3.115119422624575
-1.1934368254382959,-0.006729710779400683
0.4227685956628998,-0.08399849287660338
1.1719031789959216,-0.2584694004836112
0.44525312987633714,1.3371888024033727
3.5802171621188887,-2.0257622999429596
-0.5639182488165658,0.09885309294175362
-0.704459993616529,-0.05553933783276674
1.6200200237364095,-0.8704358823692974
-2.0815405968079204,0.8574329718824667
-0.5333077780686132,0.10253387438151283
2.9675981237239077,-1.401693684921901
0.2175851194853944,1.0727106692045592
-1.4000978797861758,-1.2121090909331491
-0.7222806359940033,-1.3220976957966786
-0.7998548729458187,-1.2517356125324826
0.25152257976485126,0.6713835353792934
0.8033541483485764,0.18605830199295692
-0.28906283098183366,0.1056757577933311
0.4331659349756675,0.538650383947083
4.7058804549423625,-1.4516775776811046
0.3593499285799532,1.4192110796075705
0.12749994698455425,-1.0710509668463184
-0.4028965192580134,0.2516734491481236
0.620031876659187,1.1363176655031233
0.9935731399914649,-0.26764914683901664
0.09016459867281429,0.5645922901688355
0.6621246992596558,0.8741774940440568
-1.8312764902175571,0.11521744473906041
-2.2977845884608503,-0.19367078345594083
-0.17733441981094314,0.8963956189915647
2.115139798553958,-0.8818081126617789
-2.327602932906923,-0.8936782252556411
0.01541873496591175,0.6909553037259571
-0.08249052740591936,0.7934666716644171
-0.935818747918421,-0.3328671564897725
0.6865316933145239,-0.13404648349853462
-1.0071522848755128,-0.16528901020998954
-0.20905734574969229,0.47695330591132323
0.6703939348651035,1.002753365196982
1.2287596939134324,0.1316551262551782
-0.04488119961344174,-0.26671348833048847
0.9661189948913462,1.695492616500414
-2.2321761460812297,-0.2560260684902188
-0.7074469235881744,0.020160123379143434
-0.7691377810394734,0.2669849340627034
-0.21653823433653988,0.3922275943204888
-0.305911365211623,-0.03246096545487931
-0.45095093464574915,-1.8070918800542342
2.9160865437415056,-0.7970863369609432
0.5097763960501224,0.20900342151356502
0.25545452929768053,0.4517491523572994
-1.3519755488379064,-0.8736715172374554
0.23877338590498218,0.6858580847478992
-0.44472553786445873,2.466278049963945
0.16413042808731115,-1.9945261798144824
-0.7143105791604408,-0.1600234838694594
4.779467899398735,-1.6665888929236434
1.7348497043493587,-0.2700026711375122
0.9037336248628949,1.3866725143554135
0.5763622377918333,1.3638305561480801
-0.09387557122503254,-1.2999165947305689
-1.125059224022201,-0.9196211611308291
-1.2143700822400967,0.8332083420204758
-1.6238579713973198,-0.317494296745243
0.4071482763742955,1.3366720747868153
-0.3690727120771907,0.2882902351743404
-0.8202696956275455,-0.23976836860044912
-3.0169572193751453,0.04682801522871216
-1.0923262449182365,-0.9515217407828578
0.882922744671216,-0.7647455967238451
-1.3849435100249912,-0.6317218335072025
-0.9704618170507596,-0.23671016520752156
-0.3097835318286536,-0.03770697089064026
-0.7019982286915527,-0.061413464669142714
0.7654937447326118,0.08566203970739616
0.5064422579576457,1.0044273199753102
-0.7552172084356075,-0.7551801911519473
2.0594223169299695,0.6135467706867397
0.3356137926077619,0.37023672700640364
0.22745306552714797,-0.3761805692467546
-1.0776648630990655,4.103494925848553
1.215913059136352,0.7005736411431497
0.3254962150316929,0.4570348158526738
-0.7293370559653582,-0.43706856359503066
-1.3050689548531524,0.6176002496383955
0.5646341282359523,-0.47919456098630786
0.5065378723147306,0.42827012666998343
-0.19270812800388756,0.29238249855825993
0.4901326311004648,1.8415477757504153
-0.2531834839176559,-1.933201323589364
-0.998115620686909,-0.8939371408680525
0.364404958270215,-1.1044861298200885
0.411108544814232,0.28127374492936086
0.84234873601097,-0.9076227186022271
-0.8229651797642951,-0.2449450934800322
0.7326213860296629,-0.06795530350194384
-0.43650199899965997,-0.7398876547170753
0.943493867561696,1.2962826037351056
0.4522611745063805,1.563016115853369
0.37739720434730883,2.3107899448926146
2.065686438045587,-0.49238239310300336
-1.1956392557073903,1.4868099063978106
0.6869241446589589,-1.5108122225986482
0.6251926906442853,1.0000693271021732
1.1203705805683883,0.9522339498886112
-0.34099829555414146,0.4421836016620947
-0.8623463672027835,-0.7517015629511853
1.4503389254743473,1.2100770002262018
-0.2919334304429906,2.0443275557112908
0.08494385174949581,-1.1478801433824146
1.3557427021455704,0.11038550727761876
-0.1946347427403525,-1.290008217296382
0.21857364254285674,0.8117135987867624
1.6289250958429702,-0.06735964554817478
-2.8557248712232965,1.747073019309615
0.2775432075559877,-1.262388744791793
-0.5780452617710521,-1.1557508699354337
0.8876326686364161,0.10890205634726693
-0.38267507452823196,-0.10413684528458844
-1.8997191856065474,0.7297564561687713
0.4484033336606157,0.27286387088720965
-1.5658303832886638,-0.8353322467636688
-1.4570278826280176,-0.9921277758242228
0.6115524063164142,-1.4343149521245824
0.16604866637013085,-1.058164730265688
1.540255010019154,-0.8049702888960925
1.2393268352731257,0.0889151574263746
-0.32134231693557724,0.00688345959094569
0.3939082843437115,0.9098269137624445
-0.8940219418765674,0.7132262307006118
0.9665813807749268,0.2535937713394385
0.8538953257203497,-0.08211551454958774
-2.7414064844453785,0.05170489651877569
-0.35844300161398507,0.7485129593215746
0.27221876378014476,-0.2436751698500432
-1.444407801301009,0.07459703432510184
0.9766132507229979,-2.222131055488454
-0.10121081597226532,1.0823942057831788
0.5599761330249583,1.9770958347220273
0.06310844729332099,0.8126656785176817
-1.9339665567088618,-0.954465714550621
-1.6028302563182288,-0.9601602255540813
0.7326563884043441,-1.4041412077910216
-0.9623806003330553,-0.23305629832415212
0.07237756298813508,-0.04942287164206009
0.33562075165115085,1.4889937254375565
-0.8179766916659387,2.1445838771751853
-1.0369932080184108,-0.45184551082451996
-0.1801352425599658,1.511786020348107
-0.40945881530121875,2.5107915565660366
-0.03595764307418582,0.7025288279848118
0.29026342457184684,0.5734271963867594
-0.8690353162142397,1.7120355791943929
-0.8712838130758411,-0.11484439756764092
-1.1017473807579758,-1.5262708154517508
0.4272241398107106,0.08154512911712192
-1.3661628800143375,0.648917791879087
0.1497494727206204,0.13909438791139586
0.4379177189787487,-0.12904297327958297
0.900261052454162,0.2421494444099888
0.4748949383541853,1.3132666650679157
-0.6598517259416798,2.3859544212212014
0.7100563667270846,1.5918283930852868
-1.0051568714085815,-0.5525876901869691
0.47178629436890696,2.0556322146405144
-0.9029910289971418,-1.0556978344915866
1.2632411137920723,-0.6734485265289949
-0.7488127200891018,0.13861376422047167
0.4932432307244837,0.978747542506655
0.08098898384395128,0.02843122896567555
-1.5771549626110306,-1.6193490308022287
3.5120735901601945,-0.40603513306716066
-1.5058534985890621,-0.8123068317335149
-0.37133962963274847,1.0699069318623038
-0.033556369163690314,1.7873390762847388
0.8049768335273448,-1.204680805126215
0.1394874501908579,-0.7262950257658551
-1.5771081851894,-1.4953012698839718
-0.8018556175309407,-0.20383977327589206
-0.6215857657566238,-0.2954289014803967
-0.6975050239797294,-0.1660543172650971
0.46860899624138874,0.3810422845465482
-1.8090878993028914,-0.6857709885464308
1.6639496342552136,-0.37048828431960823
-2.481801922805948,-0.5778347950667408
-1.01369631896832,-0.3335768202720353
0.857786307400234,0.33454720632072066
-1.5860776283563034,-0.9686284586313869
-1.313507278675065,-0.4941630141665434
1.0889344901078368,2.232009068140012
0.9999182562549997,0.3534265880220129
0.439048046460835,0.27237378400395623
-0.5428048281175779,0.5980712288646254
-1.1923036698372071,1.081896145452636
0.44491523285231105,-0.8896279435362722
0.10090445545317789,-1.9777990137810542
-0.08920861268461525,0.03506040670805453
0.8613855260505041,-0.6154643136224847
-0.7567622094265635,-2.49449504588056
-0.3113931268693673,3.170463962623171
0.3179726890782412,-0.005820935410612849
-0.5935800006989977,-0.5173825272353878
-2.57874058686399,-0.01974510642369673
-0.27617816096041675,0.42204921586924293
-1.4571579839768312,-1.145818626267133
0.9484960588210056,-1.4556586302744692
-0.3334481938953679,0.4234925403970363
-0.578368185232166,-0.26351831564063766
-1.9051161830410144,-1.0328263668047797
-0.11442176015121483,0.7519009237928191
-0.3044801559475391,0.462078737722849
-0.5988564660325376,-0.08514554907791319
-1.284185395832921,-0.47893688052530736
0.2451123002791923,1.1356525785926226
1.037728483023963,-0.3917957790953781
-0.7345753480845644,-1.1510406692134365
0.16372249472452546,-1.657726736959735
-1.0380406600684244,-0.5832311144841816
-1.261556510342417,0.4984681916749548
0.5267327160606177,-0.4393559822920039
-1.2489898671211253,0.45172290187014064
2.929955488656376,0.07767149568753845
0.12790997244383484,0.46372484837416805
-0.8108122618429148,-0.5186344471111018
1.5047981166161735,-1.0694904241132586
1.1119768763137499,-0.5313887735693138
0.6538864998606732,-0.4412644125071097
-0.5373663614196326,-2.1730894993063217
-1.6881072991808015,-1.2350430085002306
-0.5632364053819204,-0.26086974560181675
-0.7355293350929591,-0.1585925233420314
-0.17309919943917648,-0.17170982472472593
0.22973684314504653,0.9171666003324697
1.5887010719791657,1.0923083348346738
0.5651848339547336,-0.38737286959196227
-1.2630464249762707,-0.5697479630713012
-0.4832118676000196,0.08712358103873923
0.6893531940284797,1.0683081645420114
2.1503907716808164,0.7023965358307528
1.1597761970825435,-0.8281827117934601
1.7878019670730008,-1.6499320409410008
2.431556951776434,0.9850749234528117
3.3383519192064637,-2.3548661447210435
-1.0277631636586886,-0.6363264113121718
-0.36359865838332606,-0.4356918107269573
0.2930571806797825,-0.18398273913409782
-0.46898771234724723,-1.2769045844518563
-0.996439668507394,-0.1792067958771572
1.4790679656743504,0.3493765280112332
1.837852306914149,0.27625648093500593
0.2437789832865274,-0.9306831068405821
-0.7465590365557383,3.833880432733558
-0.1553544418624805,-0.5212487395073654
-0.49462216997174135,2.4075160456943547
-2.118446297286245,-0.3194338956874243
2.368073034227575,-1.3398521995303923
1.192700497776326,0.12029910267346189
-0.691520529417251,-0.16293525651811078
-0.5650228477615058,0.37996732980483516
0.033099778942461584,0.21863255045788402
0.09295391300055855,0.375198562854018
0.11983252842831124,0.8015886415274492
1.2704478482367816,0.25550875070908596
-1.6773735805955097,-0.26258244317898416
2.126615648482301,-2.1873632737235256
-1.3207732794612743,0.09440222348088871
-1.527614902818054,-0.9244907038937298
-0.4130692664243074,1.4428491880307759
1.5290866213464487,-1.3325724334322129
-0.6338857931386149,-0.4061796639339128
0.7962669049303721,0.25733286228391494
1.0902406144078507,-0.6666839243162821
-0.05270210207565278,0.8815679963970439
0.7935063821036973,1.7350635503982519
-1.1900183852907757,-0.5186494734743575
2.4096567652015484,-0.5321867102045676
1.9416620218201706,1.2896941712375791
3.069620981981508,0.41986761690387575
1.7256454963157521,0.09286246534150513
0.8308911248776304,1.2900930474853893
0.042938879183830984,2.807975053640967
-0.40447327688603407,-0.22374211208260944
0.38298849928708245,-1.7411671215186264
-0.5076339060384675,1.0812179867890697
-0.7496707785259917,1.5536564165734639
-1.6447872609368126,-0.8920081426085356
-1.8959838597778633,-0.9085268575160346
-0.21232814646466136,-0.4428790174756312
1.676909607620978,-1.261471667258589
-0.2515667326432968,0.3385573160607106
-0.24166389488747286,0.7703068135587621
-0.7102503040642795,-0.45308564230412895
-1.2680533234393292,2.0623534010757547
0.3595921519874891,1.0209573153466622
-0.786700149295054,-0.02879305102646311
-0.14912247643602564,0.21513646859865024
3.0793967341257003,-0.7510469345849882
1.199460302351364,0.04290061803231721
-2.0429564029318796,2.626800567554052
-0.03999571048200551,0.7276200664574073
-0.13682451961561778,0.36528245026521344
-1.113923107600826,-1.0180864571311263
0.04133572087456792,-0.5209551503695733
0.013129820716163844,-0.38634807185759545
-2.8871026361390064,0.6606314485561632
2.2925067716957512,0.7245358799315952
-1.905834803256364,-0.4213522107357778
-0.7509904404786814,-1.0139150523247478
0.20615121659742028,0.07969882785861254
0.03367348823896844,1.8331916537263855
0.329688790780041,0.18319106522330864
-0.27453360381405295,-0.18625875086260346
1.4357919314543555,-0.2331599187065286
-0.4129644386390504,1.3817616695866721
0.4103580347617275,0.24318197865034533
-0.8227420674771626,-0.8933634215381292
0.8571374173716404,0.04168821161516106
-0.8542354114978781,-0.4092904851242186
-0.0012173577353835757,-0.7610522226198818
0.4127456608636517,0.823964121627946
1.1860511164386445,1.1255810862704902
-1.282216650624657,-0.3523589164021145
-0.07069227725054253,-1.3976906135593317
1.312850329191948,2.558983494277645
-1.1570379164292892,-0.6856533168995821
0.27909096479658935,0.10220086190488842
0.21245777273768077,-0.40647261640022003
-0.18954643584644487,0.16545397099202275
0.3766662384252596,0.3980683528978568
0.9106513730011616,-0.10019738597028843
2.5722170244292513,-0.36963960951873553
-0.2668393544115621,-0.11939504777623627
-1.1600402965280805,0.4673371379663124
-0.3682182450836835,-1.2803072245527356
-0.6893305900896094,-1.1974645656321736
1.288325806881378,-1.9745514090811
-0.7440695904172554,-0.5387307184079198
-2.496663196482369,-0.1080325352612557
0.9561212688023919,1.187731653922042
0.6523436971031666,0.6834558389250717
1.64639634187811,0.44945189904762184
-1.5800901437113295,-0.7028886142208182
-0.487977361027578,-0.4245904566910035
3.787865138539996,-1.286268487824686
1.9018034581168641,0.7817340208435173
-0.38894602377636855,-0.5395264545172281
-0.018643494235203548,-2.724668462028316
1.9239600850901506,-0.09977999474238755
1.497623443484757,-0.7887597045996487
0.3492042800953654,1.1000777868967742
0.5941395044218002,-0.4496611160644294
1.7580304007604182,-1.1637704169571308
-2.16459727538044,0.13494413164217894
0.7744245364508447,1.3276421638758211
0.5319598608838371,1.566449335226709
-0.2438681764390279,-1.1476926499490714
-0.07762338705751129,0.5605020129378501
0.5376187437535466,2.041348358976759
1.0795708996200246,-0.37085461626766814
1.465383188110313,0.04510888122891868
-0.2219375912946692,-0.9514885896287908
-2.0881882805947374,-1.143531815622217
0.5271386183403832,-1.0311081015224435
-2.5097431068941045,-0.5391803062127482
0.35698706604184477,-0.0869540617783183
-0.22565828163069993,0.5501055718295103
-2.3361291122899788,-0.2865609596934062
0.07462752977350548,-0.5650806452021212
1.205832827158591,1.8881822788311824
-0.22081187615780354,0.16179827131399338
0.8611220423170696,0.30929226198597054
2.747402644399177,-1.6984167155243193
0.8191810268623023,-0.8371811719936157
0.5181062876559152,-1.8451252429273344
-1.8140573106079543,-0.7721760120750335
2.0473208131787204,0.8265532431145671
1.4126873421800819,-0.3320200204062491
-0.6098709038718267,0.3411270117235976
0.6050519026127543,-0.989277057106793
0.008650924301209742,0.5578325518075531
0.11429888628043508,-0.15522216784721782
-0.8402488510630464,-1.1459621258132842
-0.43522942828462297,-0.444832517840969
0.15600912294017227,-1.969777755650334
-0.7695560207873222,4.40549459867809
0.2762699299538738,0.9045927367275804
0.35464788528493413,1.5926028884911305
-1.9294197205672685,-0.11437620155165551
-0.087197260510752,1.0543921833074528
-1.0872240555127943,-0.03204015705051465
2.0986036595279653,-0.9221601147964167
0.692361576792152,-0.1872032119098919
4.159600940358792,-0.3532580560763724
-0.5503600713023773,0.37245259267483066
4.190040854672707,-2.3235887403513735
0.09420324698577659,1.1852400784449109
-0.7600422666614751,0.24519485873604274
0.5696441374229505,0.7458686695792982
-0.12638515373098388,0.09407596504973775
-1.5990369952303882,-0.519013031634301
2.454518796244081,-2.055247630861235
-0.9862291967857293,-0.45923969083859884
-1.2829849479565054,-0.7680872934310982
-1.6096539898941487,-0.5543969885664892
-0.16993209042360372,-1.2494407034297286
-2.2514145760601973,-1.9259785323504093
-0.989128517249942,-0.598538606612786
-0.6419448774085761,0.3118246092286563
0.797272431871242,0.5482148037094267
-0.4434673219888736,-2.021151035781003
-0.7423987325949726,-0.9115123528277835
1.3431750281707235,-1.74365224516901
0.641629268743052,-0.24163866871656162
-0.7538326537252455,0.32471102030736076
-0.12778320330914714,-1.0228074127810671
0.10446493729306916,0.9473538044852408
0.661620044275062,0.07473956588505772
-1.164467622760737,1.4156129447887031
-0.6709257610945285,-0.18777783974538403
0.1107830145103871,-1.9459484153913063
0.845531428165836,1.1726711355916917
-1.1717936038991703,-0.4424259672644585
-0.9928599605126516,2.038128772613325
0.5335663844883558,2.371837903195103
2.142128011246664,0.14291799781352257
1.258020452316611,0.3208377994923379
-0.2633919099320407,0.4543594237320573
1.3681798357918296,1.162496946352483
1.0904351255751097,-1.03004518841201
-0.8934119719673083,0.13111851932235635
0.36182789256386594,-0.9824423566221003
-0.36537381026721216,-1.487748420200264
-0.024442506609754,-0.7428994319157836
-0.8782892065790288,-1.4284399947615039
0.22453287848740547,2.9380565573513375
-1.5377133585943346,1.8697982590885593
-0.6685338225081411,2.1786931789152666
-1.6512241711553661,0.13626604401314213
0.774018870167205,0.011251338525986004
0.5597464267442381,0.44222777908019717
1.9433683935127413,0.022948251932048837
5.076145419522914,-1.4523786977417412
-1.1498253116500883,-0.1636412686940431
4.66990755032931,-1.4175882419856813
-0.975156203163404,-1.121570968097105
-1.0471562932093048,0.17077556214035733
-0.9252408198295752,-0.5291297842192669
0.4924910497904381,-0.16195519802310962
-0.5739946651513974,-0.6410416123384394
2.523592943098578,-0.9592964687817809
0.3090914412018412,-0.6517122752575696
-0.22185679197380248,0.32245246756507806
1.0844213668856275,-0.8862467234867416
-0.7201484461509927,0.0030418764476877885
-0.531016550516877,1.9324412131464728
-1.2529321822103952,1.7570042842611073
-2.297886936382846,1.7579180575235616
-1.7449295729153904,-1.4185808842082175
0.17538199911582528,0.38516214733192045
-0.563945167106701,0.3976665733663176
0.9386490231915614,-1.500306746251975
-1.8783742635948861,-0.8393350805265998
-1.510580811786396,-0.11254732506160925
-1.63016815534651,-0.6562163962626277
2.0700032867825517,-0.7225644094243687
0.5466995689991685,0.23289590008240163
-0.34638989722384916,0.24570423746641892
-2.6260006390085926,0.3308354626724682
-0.5287870335095377,-0.12294236658626645
-0.15024596077269112,1.7311045559131113
1.4199723584154946,-0.01616148085988761
0.3828798245485574,0.028773504036520278
0.7512042507581744,0.08338577625834356
0.9629070438677938,-0.9951473411741476
-1.337829079458776,-1.1298786958611302
0.10441592866577276,0.39089092170796824
0.6451428387552697,1.4997210378885122
-0.7786405544148022,1.5635059222020757
0.014442547866412907,1.3149970415033336
1.661072281905494,-0.08222334223977096
-0.732767804161111,0.04151787804966407
0.3304424587946372,-0.7821081764962101
-1.5481675732788158,0.5442037951867605
-0.28281727402425283,0.2638884324637364
-0.3184015597429603,-1.6618926114597854
0.14400088275003364,0.9651856437594669
2.138007676124409,-0.8303819320295425
0.0717694457868939,0.8348736089111357
0.914856249331054,-0.18741026325228935
2.3055133059693635,-1.4666453411091596
-0.8429959667191625,0.8542436960944166
-1.543177514472329,-1.6507422146558746
0.1517741767864655,-0.1322992613003013
-0.08419648666543408,0.7144138418137125
1.5424231010848541,0.895637875013465
0.7451646948995265,-1.612056183174493
-0.5521327866577975,0.21973442378630909
1.6747867541146944,-0.001297777934491165
1.0328775751883355,0.1750865294526757
-0.8113825376737189,-0.17519492129197534
2.293936394735141,-0.08282329388818208
-2.2111075583102213,-1.1030077851006608
-1.1063608316340554,1.0256616429209302
-0.09865686854612223,-0.4066341078898593
-1.1215932483214752,-0.2715855049683814
-1.2820920500944852,-0.5464348540496431
-0.18507792709097107,1.0278940912140895
-2.1290038461030165,-0.40073443335294245
-1.117397385798246,-0.518002978458787
0.4860522798523622,0.4370009117099335
2.567759923168493,-0.20578506382932762
-0.35655646776598965,-1.4186551114900825
0.44163519820408403,-0.24823827824249226
-0.27390275876797693,-0.8480174623948743
-1.1006052596424991,0.3010556829476165
-0.20784748386965743,-0.4286852061718134
-0.05205887978567121,1.3979493450656721
3.0214418740000526,-1.6841408819803148
0.566347096002984,-0.0650652159003697
2.1714979609896274,1.0429792856615618
-0.3403871980339729,0.4472748240862704
-1.1049395896591503,-2.2067142034711695
-0.43943763081062237,1.0851966702223466
0.2701623903805605,-0.44099100971571104
1.8780710564799117,-1.228275186394108
-1.9956915806485294,-0.04293948948515286
-1.2234794683457522,2.3476844864297393
0.5874088734796001,0.29988668148040726
2.2166921991539112,-0.8871332423290532
-0.5640758309476938,1.8118895666509431
-2.349955852966364,-1.6342040331699454
0.24496915530544752,0.14522335420011012
3.4984675916319947,1.170673573415323
-1.2254583669119614,0.3680385674426253
2.6889058629040994,0.7950126796625443
-1.9808180150360133,-0.390103099472092
-0.016920720991125078,-0.764456234511411
0.18444192999021006,2.327179636591613
-0.371832010802001,-0.659893654793232
-0.6425517066684164,-0.2993959268824443
-0.05135376330336318,2.749120259639996
-0.45677146426163295,0.6175691101007682
-0.10911469235248963,0.8667839532242059
0.6523541858387063,-0.7594939023938724
-0.70282963922643,0.6419710903770022
2.0625775608012664,0.17394310585948589
-0.9227976382066267,-0.231295811367239
0.7558323810997364,1.1223732911293056
-1.8717908279896756,-1.1618803721885198
-3.076144951524374,0.1014985594633287
-0.2670217275988259,0.21426148192010167
-2.229802833842317,-1.1035461857333935
0.7968530134108384,0.8008688372409434
1.1139978937025978,0.018012231973971768
0.9817371989816142,-0.4678727465588629
0.10844832020131187,0.3065194728688219
-1.660430188391944,-1.0753856438089597
-1.0367851124847758,-0.5643702956302404
1.5060676948970475,-1.6122969798356879
0.6115369217380778,-0.10743000719608334
-1.5813562848441756,-0.7393963929210248
-1.9347904710687396,-0.5112298547095449
-0.6091750113296005,-0.31082089851208095
-1.9419327547516012,-0.7325382736620445
-1.2750013008677676,1.0538396310227307
3.374598146133934,-0.8528734912967612
1.7695975998901108,-1.0726944052435026
-1.120400733166805,-0.5830177833592869
0.16622793517582482,0.3956669761301058
0.09317476235686234,0.8630648165556969
2.3890487823262823,-0.7234669351729369
-1.547190819491604,-0.874976341782938
1.450222108488726,-0.005585013212292447
4.771891834671587,-3.224259273843073
-0.26752109741886954,0.3008583212299502
-0.3389203385227918,-1.2220127244548034
1.5502474467330944,-0.3459959639869594
-1.4724097606209956,0.4193034641566763
-1.2760122074292706,-0.5695014088862791
1.117884984270414,-0.8248118233152394
0.21411698714897,-1.0293070291996265
-0.08236263217862319,2.688578715823657
-0.5678865068101202,-0.11200937510679379
-1.0315788106419992,0.5434188347004257
0.43412373305340346,0.48768433252367005
0.9444176919832679,0.3934545413951863
-1.2458997614965837,0.7628414840311645
0.7653779495929075,1.0255466712582486
-0.061962403649378106,0.3644856359828045
2.135936766937225,1.2298277102595037
-0.37696348705401417,3.4886647649821962
-0.2365476800722191,-1.0658808774408608
1.0245396819083625,-0.45585238050294097
-1.0379061191093677,-0.7687982128774422
-0.44756702721834885,2.8154712149582504
-0.09442999896228174,0.7871894865919246
0.3541218971020123,-0.868083091780944
-0.12506882467917438,0.1984804842403936
0.06584354618168908,-0.44211098896532464
0.7795350733908961,0.02078253374792933
1.1708912938689464,0.7477366438626326
0.9256836774487357,1.4609053018890643
-0.26797438387455796,0.4923114108250405
-0.3358124590409315,0.9845486438369131
0.21771849651691091,1.1822404073571562
0.5536074308605201,1.3448166525889405
-0.5652092733472771,0.20334001165919105
-0.15065623425728272,1.2574106733733046
0.38802157996624187,0.5871755964410486
0.09589879547825772,-0.3247887693188196
-1.2395132512488132,1.358645244472568
-0.9917297352615465,1.3689248279387625
-1.0408096071958586,-0.1380627604345798
-1.5791080053506787,0.9533513427362196
-0.21892148549189624,0.5337202497689646
-1.0343351932871268,-0.28809008813652315
-0.02169263492849134,0.638073568451378
2.9769962555482388,-2.800287034109323
-1.285564600474634,-0.6905935018965438
-1.3029861996751952,-0.8318888676082768
0.9191454572168074,-0.6893175712585244
0.742483125326851,1.0184010622267106
-0.058755367367537455,-0.1944441298248137
1.68045127423549,-0.8772761630155073
2.0325811616011826,-0.8262245158323124
-0.8328141018498302,-0.1683619521395723
-0.18799582829499883,1.3726560549041287
-0.10225875604116423,-0.41810990025643824
-2.712065787997432,0.07697968938427543
-2.2494187658783202,-0.8658081513272994
-0.4187941907605872,-1.47524335986481
0.7685373130875057,2.0628388235121577
2.3683479807687413,0.8192224471911016
0.6101434754157479,0.19588410648147675
1.127308971778104,-0.994180103975745
-1.7751513798124,-0.899421447882463
0.23945543821160972,1.3057711689924811
1.3875648957344568,0.5878032239970447
-0.18145122160028196,2.872690698368712
-1.239255091539892,0.2456645110291197
-0.7626554927082061,0.9491128217621525
0.4921628838622234,0.9873004556923926
-0.12338429455063873,0.15281572950307742
-0.8208351370162825,0.4647202853398763
0.6458680126189552,-0.12863914271668084
-0.3791765228716244,0.633884047059089
0.64050872645378,-0.17364879320920143
2.4346512811077647,0.7327073843767384
0.2590177308381142,-0.2548064296609016
-0.9554414348073068,-0.22204969529537885
0.953609848155822,0.6276151200649019
0.21861771258161963,0.8124710900710009
-0.658715576400895,-1.0396437622890111
1.0823029946667704,-0.7347464434954296
-0.15201428991260954,0.43405944847400335
-0.19867828931356574,0.7168982093185278
-1.376572322148918,-1.437754811346154
-1.5855995826753762,-0.55991946895175
-0.6716422272084976,0.11503186265875122
0.20601058290044286,0.24831396852597304
-1.1319274989725847,-0.3952037475540475
0.23935725929888893,-1.3677753142378408
-1.1159533574547849,-0.48347226995895654
0.11556592673845531,0.08382247338565915
-1.9458792167886554,-0.4864724545726322
0.08180147099212404,0.4033716760375953
0.11049268722152422,0.020114943851710768
3.313469488767552,-1.7201423225915529
-0.14748676988040466,0.04452142113136588
1.5310021275658117,-0.22693643934821653
-0.7163932139828555,0.38198841198829836
2.1677514756772807,-0.04657534993859688
-2.0481205047327964,-0.6959771217227402
-1.6375356812008433,0.28566870242174086
0.8310966893714865,-0.2288334130261753
0.4760561509054888,-1.1640973866556477
2.078635594481544,-1.0763956275851223
1.2774349096613005,0.14908495481714587
0.26379292939169663,-0.08930905954775745
1.1972969720415518,-0.4920091210432469
0.4495866898561255,-0.46950721446400356
-0.5816604020224572,0.028937641804944847
-0.9063879002085082,-0.22319970137147752
1.255252488636128,-1.0992727681017758
1.8249776222041256,-0.9790778499986519
0.1650282187387857,0.7727387683006353
-0.8085050609031816,-1.0766948689525042
0.6779693335681038,0.395491617468986
-0.22583699566113957,0.20976358851598254
0.6121642251085934,-1.9966247621615891
-0.9406300476580636,0.20663837557717812
1.4316027864012744,0.1287977148141363
0.7897041231778354,1.4375566480711426
1.112263603620654,0.4784219023891425
-0.24542749353363333,0.5489645888940916
-0.927820119890391,-0.9599068065604006
-1.5226094242551846,-1.2389795061382862
-0.18030047441759256,0.8954730334443197
-0.0401624703220788,-0.5221065679974057
0.15814307493444751,1.3267131547021176
-0.7507996959385448,1.7733284221371146
0.21304829663515332,1.0585500134420647
0.26276147462830046,1.2527805141572306
-0.005758785788479076,-0.9440633278396426
-1.8483861381875846,-1.1298056946590345
1.912690028249766,-0.06344213720829979
0.9074533338155641,0.1667934484860386
-1.0656740770398447,1.893503405362617
0.8091874869538743,1.1126048846636911
1.793062583037723,-1.0422339991673841
0.4819439753934991,-1.3530665042892072
-2.4800698121519953,-0.21067860789643736
1.4648360268199188,-0.27495535445653385
0.19820400555899378,-0.8326514415389413
0.13012403691323227,0.8836283726275083
-2.304982489123093,0.08996192154840058
1.3558784967245199,-0.4750252903279747
1.0275760253270316,-0.3346870732751349
0.1576926938262012,0.11869012885865822
-0.911986029145224,-1.211303808574112
-0.6408885626601999,-1.1371033992601847
-2.8251656674885735,-1.548449048996309
1.2194906558794703,0.1666017488981345
-0.7676690173795674,-1.9940530819758622
-2.334438492598813,-1.3994292904665588
1.310994517086496,-0.29038988766004314
-1.057926990231322,0.034874115056412254
-1.1519064194152395,-0.5588220265532148
-1.4261614899569952,-1.1479521192395645
-0.6487895663895397,-0.4778467396834617
1.5669262453951573,1.0917401438174246
-1.403327795944253,0.5055715909369559
-0.42701035422718847,-0.31278170451265175
-0.9733698320009242,-0.5009163632747812
0.050715486401712785,-0.03776805546961856
-0.08053412201984392,0.1510771443911228
-0.7812882322462348,-1.0725885583282673
0.8039428594568386,1.0409656369333393
-0.2234927195981443,0.752430827233422
0.9994805819066235,-0.6074000595828781
-0.44922655194227024,-0.45066552513045
0.1318955376700715,0.3357651663267781
-0.0651184346713144,0.5950990202337629
1.636216413207694,2.305859647332896
1.566135324134034,0.16059552054176424
-0.22513537799663436,0.3922354430256826
-0.16064733573585413,-0.4758535764278957
0.4800200931805124,-0.5033228088065742
-2.0106743632032593,0.379974102881643
0.4532984865977574,1.878436045195141
-0.40005598062031955,-0.5962027009940235
-0.10612516067239505,0.59114816272981
0.767024113896427,0.46044590243025785
-0.23098202201925896,1.244401522589233
-2.9275378112581554,0.1654277989593799
2.960050154645587,-0.5859035701887898
0.5249180286068886,0.8744202537050565
-2.4205655029055553,-0.3493920563643538
-0.09923521521221171,-0.30417652677008944
0.4125492903514382,3.6493175790340873
-0.10708825906502799,2.923515849153365
0.3857435329208843,1.4998061323987264
-1.6820612594506645,-0.47632758155617316
1.0208002160121377,0.49058282521673025
0.8405199990465326,-0.884000816941401
-0.23722567581699824,0.11733743623850185
-2.8216703193422545,-0.9810494938727723
-0.13612157716865744,-0.36655869162658494
0.8925727637852863,-0.9779538910537087
-1.2349465796814822,-0.4229035394231603
-0.1488981410105404,0.579215818368248
-1.5128346051864927,-0.3884092463635789
-1.5109698147569373,-1.6102438075956895
-0.7871913168599535,-0.45151437321609167
-1.611727682045989,-0.21835802756432518
-0.005123962402396556,0.2599882137634426
-0.8094612381713879,0.6680309119304402
1.8276070193580538,-0.37678352852109376
-0.36464161092684666,-0.2636203266339391
1.4917704254758097,1.1568289135876448
-2.140963548379822,-0.5698508348220138
0.6961071180327311,1.858352119060398
-1.4253267505105722,-1.1001499338317686
-0.4132288562909341,0.7183796863199262
0.3968443814974071,1.355897892462486
-0.8986211075041132,-1.160182578370504
0.9111966479215585,0.13279323142083366
-0.2672383570613472,2.076858052523209
-0.8825640226511282,0.16887839971093818
0.9591707436497012,0.5509503393068991
0.16892738335325524,-0.2113496311639149
-0.1749568694726346,1.6170672609745713
0.6509572733562923,0.5284782170192409
2.6122010766480983,-1.6204250337395887
0.04473926129212933,0.4860252196438193
0.3028888351200486,-0.7028098503839753
-1.1844136190192909,-0.60663373529481
0.72638384302657,0.2816872257903996
1.2632176497767182,0.15731962419550138
-1.0220904335231684,-0.2755733245901455
0.47362335477517603,-0.3086723959726163
-0.49030766494448486,-0.4972287869662162
-0.24959861721315915,0.903091443213172
-1.8152549507219382,1.6800402677773432
1.3645742651655302,0.41738398937099297
-0.3143459783048296,-0.6939872827438734
0.06194516939111668,0.8123507058129081
-0.4008516944959352,0.2701311339534823
1.7523036116208126,-1.315361628498978
-0.7820569916107517,-0.2989875773317724
0.4091405630808004,-0.36795602099927116
-0.4730207571058501,0.5852612563042043
-1.397533063195016,-0.37049029642815046
-0.18556988943876415,-0.5213973842378934
-0.5900888609779374,1.9549185833176512
0.18111376221115635,3.0828815701761796
0.49013820640595396,1.3553601793593135
-0.48478757399472966,-0.48934981513655496
-1.3418831180181299,-0.8386645920844483
-0.3338625185523368,2.5845714100587687
0.32841530923389806,-0.8624167586731225
0.41765708683283465,0.39689545973793317
-0.2981821395059029,0.06795595751827929
-0.6091326277778676,-0.3977301459840643
0.5601615080259822,-0.4537058445031905
0.8644802049678979,1.4202442897976453
0.5307154782164779,0.17425486020020237
-2.3330631118500587,0.3332596452015789
-0.4458064966327805,-0.4332831166205441
-0.1462745673524844,1.3645155940420302
0.8444317604709268,-0.351204171409478
0.289185104138147,-0.5139368296833404
-0.06489236642778352,-0.15344694886280205
-0.47974000536024675,1.2686996752152968
0.2819732388358822,0.06825200473354291
-0.6714435556030086,-0.10575841589888879
-0.24575132996997495,0.15525867558757186
-0.9412418701380563,-1.2457815999728552
1.5523882078547409,-1.0662086851146508
-0.9450440148993784,2.2202714952184466
0.7026143503019039,0.19725029534629457
0.6122518823175279,1.552796560902663
-2.604337913471628,0.6894699867488331
-0.9700144236051333,-0.26952743599846807
-0.804832077048207,-0.5416232212006684
1.2410675104284496,-1.5850296195085363
-0.8762898227021115,2.300219667478047
-1.4633853113664534,1.2203430665059745
0.10446423664843041,0.8475729231081336
0.1178434569976124,0.9093323609792274
-0.27699418371318085,-1.278068049590821
-0.1018268400279343,1.066186737509434
0.49113404430396046,-0.46832033382969307
0.036680653084953434,3.4167538763236127
-2.3849914592301635,0.20366991438300933
0.8193470976431647,0.1922770051751055
-0.4660248159320971,-0.0314196389364471
1.542529248951615,1.8514317602955448
-0.9823314119339495,-0.6811904115644927
0.9035016179372038,0.8713146461996831
-0.880934203057074,1.1671760534212292
0.3157633976294781,0.22890058329331447
1.5581869918182938,0.4296815447438096
0.3124941285555453,0.04290496178024194
1.1253034276349656,0.07657529277508175
0.3889492463676405,0.21150854150429574
0.6415960465306102,0.6962370271453497
0.14917053730065027,-0.8508826665027843
-0.33894794375449333,1.272205019731355
0.4258812924671108,-0.8355392392899146
2.003536434434976,0.2520516373966514
-1.7402476705811625,-0.42919107795838707
0.6210184727204259,0.27898987855471635
-2.2370693711755956,-0.3298251161205059
-0.7442508025300769,-0.291680947429234
0.631640094154784,-0.6129506440227434
1.3127349671211213,0.5089016006706107
-0.24435737762854448,-1.080482093606218
-2.735209905952523,0.09156801812549899
-1.4726851878781893,-1.5769182193019236
0.4446481467108686,-2.3093239538414028
-0.9217643225063323,-0.6441947130060324
-0.44704912340214153,-0.5568257795565064
-0.6744001789494103,0.7890667722013522
0.005727343323708917,1.0589535065691915
1.4161114605645715,2.784622010539325
-0.4385805478672048,-1.2036544958921491
0.5320532694513561,0.026550905533393176
0.074287836120802,0.633553743392374
-0.6699736523301585,0.068216239232679
-0.4710036845885245,-1.3986011750868625
0.44370459896084025,-0.9399932241678515
-0.5938929074874068,-0.20722918450036268
-0.32385575200281314,3.0304504867932107
0.5734654126160268,1.2753281702594024
0.04839662844825122,0.9855890539769375
-1.7191929652738678,-1.2259842999654642
0.8477859407739523,0.7538304495045618
-0.9893186776633492,-0.7836170607067123
-0.503176847670411,1.0318896750912676
-0.1702024743446942,-1.0904786912076518
2.067606647720303,-1.1371936236959082
-0.9352121741929487,3.1197409314222284
0.09707630529414779,0.7346771515284294
1.6791695602221821,-0.27819069943543784
0.0982110517436961,2.1539537313418635
-0.459941759556681,-0.2639075711816844
0.1555272636594971,1.1218641205853812
-1.359934970138073,-1.0010988098318956
1.4715572697213914,-1.0153661747966565
0.1753328481939903,0.7021513109764731
0.4612923400838781,-1.3414685343097865
1.1609597794815234,1.2037760879071002
-0.551432046598337,0.4975290519476633
-1.4715258763325474,-0.9786680530575611
0.766907788139298,1.1804937030654576
1.8433111992297366,1.520997384631756
-0.4068172184744062,0.6182429393415991
-0.9533724457229283,-0.4877753678216694
0.689330205930392,0.5120012371683507
-0.1367422283634799,-0.00034633235970643605
3.8146548056412826,-2.0940240475139453
1.2525348464065025,0.3525085905534028
0.1647095494715498,-1.2844479705390257
0.8326226985127128,1.0419565399243387
0.813749740757634,-0.3883880121153359
-0.0858335597322449,0.5423629535742651
1.7781962334676382,-1.0098542879857995
-0.36936321272405204,-1.1664835703366208
-0.3961857212943056,0.09917373071527684
1.3166132824498504,0.4606071875232015
1.8822404686870111,0.20812916476049162
-0.5614196911086283,-0.515635896875037
0.02075197310648407,-0.17782187088802717
-0.8606433173851442,-0.4699987942447009
0.6519132157390535,0.04066778089886787
0.5511671033328401,1.4381605453072943
-0.12987658335762772,0.6086693785252113
-1.0170007673409893,2.4668475869121895
-0.25341966435850577,0.7502549784655334
-0.29195402619160543,1.6271874653703189
0.024112590920221645,2.5685218421571148
1.1681965606909748,0.18902131402138134
0.32380630630842977,-0.43692729189896795
-0.8838471496311504,-0.15918014258416113
-0.3711759346067758,0.45463713202713274
-0.25651649080107003,-1.2664102602994483
-0.466988829180644,-0.47814301333377907
-0.21323682117352946,-0.3381583597762814
1.1712276253297529,0.5605668774472636
1.1760156252193237,0.07211236597566956
-0.63787468202656,-0.2621996614386717
0.0658720832718046,0.604219343358852
-0.7888651983950172,0.08864905433755586
2.873155923516237,0.5913561082277402
0.8995289008828828,0.5976612725393231
2.3233842094376684,-2.776182713585716
4.680159275452088,-2.5091805849530715
0.07972234438089232,-1.2503672494447216
-2.3829859210202793,2.005576739744738
-1.7263731367427995,0.5737730260219813
0.4860026892639864,0.9376927433347794
0.17412874615188517,-1.7640580920944244
-0.240859690070895,-1.1717259986690984
2.501476310570866,-0.5051996927282075
-1.9433938791829457,-0.3560533276166393
-1.422490492418983,-0.19538918149559245
0.6615501487540719,-1.1899828854604253
0.5480026284369155,1.3735413937333307
0.6085946313675127,-0.6960973823797857
-1.2756971484111275,-0.8388554820527112
1.3361490439217003,1.3787967263362837
0.9712196341682675,0.02931183156671585
-0.3198348926846274,1.4700002960923415
-1.244484191607905,0.05914281301292411
-1.9385240788871552,-1.0943513421362696
-1.0785391816503482,1.0139616441807553
-0.6617052100560267,-1.4005694592580078
0.8372926503842087,-0.7128790338927745
1.214438159939814,-0.2266746477747784
1.1432477032947579,0.7001407709316669
0.7644837007225124,-0.20425534886312333
2.2493467244377006,0.5135951429742153
-0.33321638883465204,3.3005489701494963
-1.1056373630825889,0.9049344405868901
-0.5457785440888382,0.12763921610386403
-0.6349064669527135,-1.561896985312552
1.6736652177851827,1.0631055912560095
-0.7328642253458277,-0.6358482990421852
-1.1678608373733337,0.40049890975826996
-1.5062946256975553,-0.20031208519697744
1.6177642373528267,1.7304274400649178
2.8867948208878143,0.3415900392075454
-0.2988285693224075,-0.38830681191956784
-1.5046231565656554,-1.9877675138089508
0.9562748712393379,-1.689787053694528
2.649080421486837,0.5459116239066273
-0.6695527582172603,-0.9831107006712361
-0.9677493969922057,-0.788746708081368
-0.7896009179124351,-0.9725795616039561
-1.269692725859243,1.6509161568976944
1.5035593621353276,0.07669401607955752
-0.2759801926484853,0.4681437845440348
3.4614526471846006,-1.2666348122619384
0.40454673214627723,0.68379906765391
0.8375649822230258,-0.24052829063196332
0.8431446139692665,0.36713560238585274
1.3538598788317475,0.4389847418256231
-0.6797503078849125,0.5269231073712795
0.3676657729321532,2.41732705587596
0.016841496337533617,-0.31139637722227564
-1.131370273772812,-1.402224594689211
-0.39599124987796763,0.1957186507292439
0.6930924254871902,0.03275874386584124
0.7188032848436996,0.009211028127570547
-0.425492843497407,3.413550053675069
0.8893029819877325,0.8443917273382523
0.5955095997137905,-0.18665619272224893
1.1924480310261587,0.6830000980478182
-1.785876974730624,-0.7600245236384178
0.5894424072783545,-0.24142150903468237
0.7838601346627878,-0.04729459544278469
-0.8968926763505813,0.32001320342857376
-2.658467252401756,0.33548541902514895
-1.4756516421774049,-0.0535155965070403
-0.5199571674402336,-0.21593942167346294
-0.5148689776352247,1.7531262396014844
1.1611129098249726,-0.8885646251549163
0.26733659805438204,-0.6178964705824673
-0.5380720023109019,-0.2321055542923882
-0.66930400070945,0.02331139685683606
-0.4902015113632351,1.6766597207760472
1.5369456089380669,-0.9307265875976672
-2.1026023600533352,-0.6740970780318462
-0.39056051993247465,0.5120117077248744
-0.27890138826383526,-0.2135386566475592
1.331379171176173,-0.7523990453612664
-2.0290406161640844,-0.18383205528240035
0.0790124906747228,1.9226409946932945
0.2048087212960741,-0.9743444396193564
-0.9274605506084327,-0.3813234588477271
0.23451136915242235,-0.10247261884274114
0.7501674215146097,-0.18443588839974354
0.8474294891733222,-0.7333332179115971
0.27690446728286267,-2.048377959317993
-1.6639397147872363,-1.0963103070311988
0.6607950234793408,0.6869532428990537
-1.9232462655871496,-0.7782181138305893
-1.5368303895519417,-0.8881140591656278
-0.32107980444844836,0.7813676160841337
0.9754200965218685,0.614258213274989
-1.717474634192384,-0.2725908357657174
-2.4560066258270963,-0.6178939442165796
-0.877771409559682,-0.15621531013076748
-0.7787613652081967,-0.6702063902918036
1.2847764821886167,0.3308732609995916
1.003368769506679,-0.08682590184255837
-1.1960718873045124,-0.7306034538023215
1.090497446429679,-0.6424407381086352
0.9337060165587417,1.9829890695539099
-1.309239611946749,-0.9083870200843501
-0.2610712295868375,2.3756693776729034
0.445830506724136,-0.16163336708122888
1.0395448248490065,0.016187797232294993
0.878808695486294,3.3998642891012256
-1.408348688669665,-0.34250496868160407
1.782147492631497,0.2139644741744565
-0.2803353587613985,0.21010107844223205
-0.43708305813232967,1.096314195642507
0.8254937463129197,1.2479269165160327
-0.2566463451517461,0.43126924939533906
-2.052445975684599,-0.9437912151187993
-1.5949091101750719,-0.7834693984979226
0.02595629027398281,1.029262838385701
1.230101418078932,-0.3061853473076461
-1.1118650703999902,-0.8918623731313091
-0.046007173748864275,1.4042774128152204
3.204769835676625,-0.8331976721459529
0.17299963260687332,0.6426532063955789
0.1980608046493568,0.8351463197877959
-0.22937110697567092,1.194191408727916
-1.3604327024286325,-0.027336032618143796
-0.391855458266693,-0.3770170536888735
1.161276048187898,0.3341839725336617
0.051690506873801785,-0.6314391821673595
0.6438893758892322,-0.9157418245252975
-0.8696150532282788,-0.7698197946606062
-0.17443090107738607,-0.9964855848798799
1.3597801528197568,0.026033829777266773
0.8399010520874176,0.914616786802383
-1.60203269187211,-0.5846060581941263
2.900265104809332,0.40669320803482023
-0.6123821664078298,3.9361572131743476
-0.45807991227861544,0.6585078013759155
-0.12870645003227826,0.9239383693423397
-0.42750936459828875,-1.304582350673498
0.15352271436628612,0.5894349120770274
2.262252691008634,0.3263841902207343
1.443926840984156,-0.5036245734880197
-0.305953742969749,-0.3813421009658071
-1.5038821927332913,-1.2850560423715498
0.3331137889077967,-1.339265317460857
-0.3685267282990954,0.19325355997499552
-0.5917223446664401,-0.38773802014978376
-0.7690323866296582,0.6256175554445654
-0.21262358572226683,0.7527969482580867
-2.9469458247511167,-1.4514617649649415
1.0188837416201093,0.343365844684116
0.4468016259782246,0.8892416300777578
-0.3830747462243748,1.4839255787767522
0.06195176133023402,-0.9043621682096251
0.2950219860065796,0.7381288984822273
-0.647169259863737,0.7131824138772904
0.9317179897172513,-0.2102574409785307
-0.6127609787262228,-0.2819205193075034
0.2554734535445251,-0.8905385206494557
0.4723857800684932,0.4995985750532199
1.7242860380436542,-1.4909836513125687
-0.29241385956408467,0.3396732645829438
-0.08013700505119534,0.33969606311561085
0.23581064869854332,-0.8428383870007672
0.033158034608351684,-0.3445978936213149
0.3061114699648908,1.2882263005194763
1.7780167828390057,-0.0077877313803740855
-0.15175184124796817,3.7535609847864175
-0.5255512769000794,2.489603211128369
0.11468637755799188,0.061070751437132705
0.23660151049258218,-0.5461099774185608
-1.7474801046253619,0.9048932251884809
0.7494533283630893,0.9940766769525965
0.8658447161062052,0.5502176417506115
-1.1689382966243924,-0.4557221050398055
-0.26554706746498236,-0.33141968176323344
-0.2627159123815243,-1.4755243058336764
-1.3557021096282638,3.197610892802643
-1.0507150278532127,0.8570056676711131
2.30950300215721,-0.8480843483095973
0.0012719525741355237,0.26303485272631755
-0.18260084265746904,1.1300864555471006
0.546412383394392,1.6524672135410912
0.04008242789216663,-0.09166356715318197
-2.7826346073179766,-1.2266549581142094
2.6996178081442674,-0.27353692822363485
-0.018513450615673305,-0.9873288889610798
0.6316154094012806,-0.011564838235191402
-0.1866728666333306,-1.5159260357518103
0.5044021146765225,-1.9989697235139308
3.9106065026835193,-0.08320770269773692
-1.0455556524207696,-0.47393239922252217
-0.3107091183497754,0.018693024200600067
-0.13902049167872774,1.1744588040411683
-2.5474829556088223,-0.8747244757724685
-0.02589179964050095,-0.6340869688439695
0.3491565758797341,1.0767036902644267
-0.2887759088514498,-0.6780580527329136
-0.9315989320260023,0.26101791112733236
1.1631020552506635,-0.5200542121395149
0.7280223542044831,0.9490624760772941
-0.3756202997704203,-1.5210715119810245
-0.5279878550037093,-0.2562076509425082
-1.5559884586605979,-0.2537382408975587
0.3621479723100489,-0.8536714288080293
-1.7356439960426033,0.5737345704375818
4.350746746094692,0.18921449127925133
-0.7873110815545893,0.8750100548456743
0.06187658491791479,-0.2931514993694244
-1.762583288620005,-0.038164560819774984
0.29277725521221676,1.4088817900703028
-0.18653256285900316,-0.9088828428509141
-1.1224590156846943,-0.44717510605334265
-0.29732361517790673,0.5312711041545609
-0.6615474523153507,-0.7337128779102905
2.80784164869231,-0.3486432515104656
-0.9230238543335137,1.151936524734923
-0.001556080976994459,-1.7891462541700422
0.3365264032310048,0.5753266987670664
-0.2732633834559059,-0.6055454022042411
3.466828494340541,-2.0233211961513717
5.964841061192354,-1.7862615879271
1.0411849754921052,-2.064662453700137
-1.4881084086226095,-0.0872266814522461
-2.011690283426544,0.6113719092185194
0.9586001142610643,1.0055807209636138
0.5700721882134085,-0.4893723273129963
-0.91363700856781,0.03338935201079113
-0.24423140092464657,-1.1773021260527214
-0.09517630009642283,1.8546387519171001
0.7164105265124749,-0.26865560329063154
-0.7520415567250176,-0.2367798410757235
-0.5376142038924215,1.722618553726671
0.5175606756017618,0.8588447851737795
-1.4420492904442566,-0.6783564026336225
-0.6667565991914478,-1.237849279555889
-0.6341912439711391,-0.8934144239083619
0.6360712559568157,2.02051677354229
0.028597795407669387,0.4297818466932106
-0.19321102909205304,0.4470072334397587
0.15683782843648555,2.1640454335143144
-2.2515474327492044,-0.7531831685487038
-0.18702735495017375,-0.3578703192861653
0.15753352310902674,0.15939836682318909
4.816127735599131,0.239739024816486
-0.45219895669227206,0.042667762316836985
-0.045585703904748004,-1.3598163292954046
-0.25431373331498597,-0.27401960063650255
0.07554932478363877,1.8832172714436928
0.8024571617501962,2.407975935328714
-0.6815944757634707,-0.1427850713171088
1.3671140377368507,0.7179615257154641
2.32301383854617,-0.4523063559079451
1.3969326726626856,1.0879753612847096
-0.033092997452247364,-0.5860877965500411
-0.6218908796901077,-1.5176696888644188
-1.4758074474154825,-1.8868396546534887
0.2779543696969037,2.563112973973861
-0.9745019255943481,-0.31757568410111137
-0.9040311191518018,3.3588795700655183
-0.23354821773247547,3.232130234786057
-0.7810585587106366,1.980876902743917
-0.6999891146992213,0.13436446259524137
1.0550027722158495,0.511078588053094
1.965110216363251,0.22983822401000953
0.18853311425660352,0.7731910170902754
0.14818614840943178,-0.5519964363428397
1.2233035200016038,0.248257435848909
0.039374061176215676,0.31627810637630627
-0.625756839131012,-0.2567684994028756
2.7300364712187255,0.5192788730276265
-0.02765062724754043,-0.6281690400258068
-1.6527943573064545,0.5269563903749848
-1.4588047872774261,0.45402211016005645
0.3568248692890341,1.2567679180300042
0.6417450730936142,0.4753602905663957
-0.43969049068456345,1.0850739388388697
0.5652871251810915,-1.011918105721718
0.06790885904913174,0.7760650674975649
0.3891010253408526,0.33412845829810134
-0.6840132704538604,-0.08935319284007218
0.42752325716408807,-0.2697519972648923
-0.23923306040282352,1.802727747817682
1.2307703761086313,1.9852319331953678
1.4591565715364698,-1.1293265259930148
-0.02312785823122189,-0.31655107544732586
-0.654870624206619,0.10068938354171594
-0.46579867929236624,-1.3088493327737822
0.008219922650871445,-1.1060252552637986
-0.15195393375594043,-0.1796562279252592
-0.07928404198317775,0.8091386092388723
1.3711778330319209,-0.5445464593821165
0.2853438151073572,1.521720505257771
-0.8784704470588193,-0.6443912895400581
0.5602216347771226,0.4502778080074662
0.4580174263712049,0.026673706361763784
-0.44888894805073054,-1.4218459231711529
-0.3904383261418993,0.8603646217797944
0.5590792791305479,0.1151994003893865
4.011907622210171,-1.8375429515246335
-0.5729521026160055,-0.021119352722877655
-0.05425411122738077,0.3959471600144152
-1.0817768016375513,-1.2322154876838156
2.8764609750801813,0.3957687906831092
-0.5277074956185559,0.5801345412624987
-1.157834696615241,-0.7194076021730393
0.013563872475163934,-0.07835215446590996
-1.5584753452609874,-0.705885959424696
-0.02281855264872258,2.1064422595116232
0.27395521187232164,0.12422353678158479
-0.43634649217979626,-0.8898623398823583
0.04123143148341354,0.9414909470922874
-0.324112432943261,-1.235296309282096
-2.6734507191264165,-0.13018631793859187
-0.3996482406660498,0.22555563986466362
1.9209937701089592,0.6061022969396629
-0.058871569900333404,-1.1813685479277556
-1.2104007794941583,0.2200599012082898
1.3020120201407739,0.7577827846117939
0.8486718145958895,1.5356057008094826
0.9077908806111904,-0.8776378101750418
-0.861134114901215,-1.004657289951823
0.1096791643725194,-0.7059080856663054
-0.1145741396870705,0.434177403692827
0.5956766328384082,-0.06065756282803959
0.8245034309556846,-0.14550445995529737
-0.6039648804038095,-0.22304986439173538
0.441827772198037,1.6532281347356057
-1.6695661742354815,-0.34552894221366837
0.4106815894441087,1.6848768560952716
-0.9775820213647238,1.9445372420885922
-0.19767500025953624,0.35644143218961766
1.2752287199473211,0.7785880933845062
-0.34929347802138055,0.12560312488418746
1.1410117136262827,0.2958678367901355
-0.9227395808444065,-0.3836731189788203
-0.03135698675016435,-2.0451780270114885
-0.9033823901072772,-0.17710512577547177
-0.4842582026793989,-0.0742934598171964
1.0825489618061401,-1.0768998368902065
3.3754717708064503,-2.505846038471549
0.4249431126801375,-0.5121807616187554
3.7101457123773245,-1.959347625518776
-1.690878602888934,-0.3560429793251526
0.03416523851433644,-2.1729515375191255
1.0124702840064308,-0.5196120387278228
0.7288392840428682,0.7698214363677337
-0.15102619904625947,0.3805754930366402
-0.41275294497983195,-0.005975991399808464
-1.2260296770045174,-0.29021677454085704
-0.19903108416712748,-0.31298149864509417
0.2992459779821115,-0.1591855010880053
-0.60081121764221,0.15181119469342408
1.0713355033035818,-0.36536598424944255
-1.5561394696785493,-0.6485498467172243
0.9196607622538551,-0.3654832940403834
-1.0868625654724433,1.2166515350157892
0.785586276651723,-0.2275872635472985
-1.185319058390847,-0.9864277817667457
2.1397306566458743,0.6670907579380991
-0.057354305879108794,-0.10508177587253495
0.5969235400303524,1.6839076240041044
-0.16020655034131973,2.1967244592672186
0.20908330800910976,1.0284095180096486
-1.1007560725722076,-1.0993439988661269
0.6537329031030067,-0.9915494553685917
0.6099195828789324,0.8630046926332529
1.4070942394625057,-1.1525314444834955
-0.08958439490055972,-0.2841793206279345
-0.9703952733163159,0.011808086598736542
-0.11040626754041219,0.6648061252866132
-3.020031408749904,-0.721738432729935
-0.9443249728068173,-0.9758605380689245
-2.499918280780124,-0.12077267803326416
1.173459416639214,0.12793993181282998
0.132483437959782,-1.0909703269732234
-1.188715654366843,-1.4381054017729242
-0.5306550080245421,0.4063439852452866
0.9004574860366859,0.5771882284486495
0.43118663069971974,-0.8273949835036902
2.0325300930837114,-1.0486823160004926
-1.55418459776209,-0.7382817274378566
0.9422817003395092,-0.8038453057207523
-0.28647357504267257,-0.09656006200605918
-0.03105619302035134,0.3597451114224882
4.759997577493147,-0.24454129134655386
-0.8408777468447213,-0.5632364695015928
0.09521532805115426,0.1488630367797358
0.18489736940405307,1.6404214484073076
-2.7054032013498226,-0.10874999247856548
-0.9608436069902884,0.6259125264155317
-1.1448540473208404,-0.8734497244975288
-0.2802511989192996,-1.3297164494054334
0.3638317156023555,1.539303769909964
1.6020632449479808,1.2892650989227823
0.8560612604739659,0.29518330670050263
1.6463000047669019,1.1586537764139215
1.5718943889974657,-0.011531077203378065
-1.2334192498149816,1.2849159569932462
0.3253612714343048,0.015416303692494304
-1.7341251089798047,0.5309967838527384
1.3681540770973217,2.368262290846403
0.8479353732444324,-0.27770424897517654
-0.9581752106469846,1.3704358898420324
0.04784291923321982,-0.2795011643235453
-0.33651997404815387,-0.3488093894003056
-1.3469076753733866,0.40141001492160566
-1.09291370814926,0.470200736845809
-1.5813420932362192,-0.9930791986701162
-1.122444478741261,-0.6943345632046882
-1.1827820149003994,-0.5930991764290083
-2.382354184178657,-0.12373065565108779
2.0576451726852527,1.2243861077888618
-0.13468920267513013,0.5048453683694808
0.9327102195500928,-0.4455992497464133
1.3692623412565923,1.5917296948954465
-0.37219964418977847,-0.8023364088739329
-0.13045589577924246,2.383843249043295
1.0147537251190109,-0.14773695243334148
0.4909493416839932,-0.8482662714302118
-1.1319539186830994,-0.15428414007191357
0.2528617519945645,2.9456800417775284
0.5744799378218709,1.2728168628514627
0.14348248548607243,-1.1057439994940361
0.4441790253000139,-0.9359055210419687
-0.3980298891134296,2.1633588478935155
1.0987934697810224,-0.180971528524461
-0.14064223382691446,-0.37892454382141316
-0.0015883330779742355,0.7002623726573343
-0.7367556707348627,0.3995317012529249
-1.57080615022958,-0.9447586774642824
-1.1521013312224013,-0.5404764491756563
-0.7202464261046799,-0.9776258327082095
0.40668684810865474,-0.17907546139609112
0.24875199200334366,1.1252744081387258
-0.9588116710393513,-0.40044018638536694
-0.5566534280022211,-0.4268559636795244
2.3752929247736287,0.34294643143746295
-2.3054653247654024,-0.3271468768033333
-1.1958532112098699,-0.5606936841706107
-1.424168820001675,1.5375897157871357
2.291245402127538,0.2759917141734134
-0.4220549217369497,-0.04838114644046736
-0.1186172862389342,-0.7162483170766892
2.270924807967318,-0.8883731854199125
0.5784646180765167,-0.31831927840070373
0.2645433661879959,1.051048484781268
-0.3884240199508897,-0.8550708858357213
0.49616712692277787,-0.7510531826547163
-0.021772095092264576,0.7132567570906918
-0.41095170261829306,0.31794110752405724
-1.3303585405219052,1.3592462043258249
-1.2638455356704015,-0.6836350851611608
0.03340501133484656,0.10808018649282286
0.4140542375164591,0.2679714929124184
1.1009407299857992,0.7779756874501876
0.7330632110672304,-0.2787090521988367
-1.8117454638053836,-0.6605757822589516
0.2545516436847279,0.4712864553114251
-0.45481979668538197,0.25429115965605564
-0.55903807750944,-1.3924916670612428
0.215943637742778,1.9807373375788426
-0.6324191259241929,0.5628088839843415
0.7840030565555461,0.20385931619645659
-0.4809468768486671,-0.9672317052423502
-0.46709753863923265,-0.8903115514066265
-1.0289616558111205,-0.7485936051999522
1.8944697844594414,0.948383657841839
0.12260545039919324,0.5421417321400273
-0.21441948934024355,-0.4550775458845536
0.0653523173028146,0.3106899025796867
-1.4155436221864723,-0.4110221398032272
0.20945778775424248,0.37318793125886207
0.13897180347690324,1.012618082493754
-0.3064833744628105,0.9613767212915861
-0.351008816668185,-1.4479090660906488
-1.0720278766388476,1.613399527751934
-1.7830291955640665,1.5981445612255982
1.3744228507276783,1.575585224492726
-0.4296985745436064,0.06605848871798678
-0.3254806358612493,0.2823985489728196
-1.5430429583121748,-1.5390783824512762
-0.0699811590298404,-0.8668821575818605
-0.4510867824814616,0.4417443334539567
-1.8101424943315412,-0.8407962648695455
0.2598690774476833,-0.33988297544307666
-1.5558087431339092,0.1808711533468929
-1.2004356148894193,1.10865229712225
-2.8774992490338005,0.7304921652768048
0.595590525124024,0.1015358619262515
-0.6855771153233732,-0.0359896251315123
1.0415353070552071,1.0922593139102745
1.3914548639065134,-0.7225254520643264
0.906355635191223,0.6345079582406384
-0.6600185762522919,0.1958005241364761
0.5042043898228841,-1.4965007798477186
0.13057968319375715,-0.7439420590235459
1.297999908119721,0.33487345916768063
-1.1688712145982998,0.6584753194669403
0.1966435110804631,0.33721319911515635
1.2796816157178859,0.3844461650194416
2.153366762899427,-0.15488063218130074
-1.9192404681371,1.0161880240094037
-0.24989016098273792,0.7277786009098708
0.8438131325385182,-0.957335208444815
0.3082271606940075,0.9958566992471828
0.9185709502234645,0.6821027048137378
0.08384312172664718,-0.8557565391558245
1.1661310794180157,0.07103670442811066
-2.133155959426155,-0.8248325281415659
-0.3982101926498953,-0.3637730108710151
-0.7956924328301554,2.4567981455850467
0.12705629290122572,0.3390434649329469
3.2263735880908726,0.567580150802311
0.1846053029318549,2.122837311539985
0.5182872407531445,0.428515123103267
-1.7563947358509038,-0.814276767784878
-1.4170601831410752,-1.2983291779140083
0.09004387095701136,0.5279690490817399
-0.16448318264619746,0.8226398045105038
-0.05436396965884282,2.2914711677318147
1.427765419014523,0.06598973112878116
-1.112422068705173,-0.46844888792501604
0.7882878213516651,0.5747866586840141
0.3123303600440727,1.6233185304593243
0.7531820129144743,0.7879838030911721
-0.32887019236300963,0.07051405147536476
4.859872126088073,-1.6863309911201738
0.7543555947875017,1.016446199295241
0.5201021483888129,1.1079355307009036
-2.20127355060461,-0.9586147995672363
-2.2055060632827406,-0.07308210061739245
-0.7268505428933111,0.9739428762723022
0.406649598883009,1.3780905976182376
0.21911733337938402,-0.23175915176327513
-1.0054130675729576,-0.5657730276992603
1.460046814728969,0.6378179080892429
2.489085275733069,-0.37755103054204464
-1.155340609225803,-1.0804323056514837
0.5991976205574563,1.0830169235892424
-1.7571392884438584,-0.11395873051584585
4.409475291077662,-1.5136561880907498
2.0649730163330373,-0.7715182822766349
-0.3438189629831204,-0.6903900484394874
-0.10159308995163938,-0.35878161249145823
0.7460252736914194,1.301741397742875
-0.09393843018256531,-0.3766451290349051
-0.16487362859298968,-0.5423548805034967
-0.3194247001961265,-1.4210516716384136
-0.6792172190888692,-0.6013994530091324
-0.07237637135033051,0.4841866011292114
0.9209585467673213,-1.4223750187610795
0.4107329553547056,-1.0878355116913871
2.1189213920975862,-0.618106867318457
-0.3718888242627208,-0.4584216970485997
0.8385717296335751,1.530071598893629
-0.1915157416240534,0.3669264988329556
0.5438301743957754,-0.0049493379632377515
0.18147568262851255,0.41959617963864304
0.832582321732061,-0.6824861797955231
-1.2204613301847267,-1.007955527330572
2.332539414249352,-0.5955162039904235
-0.4910183950121543,-1.3142818468380322
-0.13754681204453664,1.0176973231865207
1.337611423180497,-0.2354934568486591
-1.7114006614601385,-1.2433501768780086
1.7143910938333697,-0.9859259536029525
-0.6785928739062169,-0.7206032745827641
0.6551005084130459,-1.7564004928585666
0.571528762532243,-0.7599648957793057
-0.7483086741013634,-0.6539517732753212
-1.4636837440162873,-1.0714962776090065
1.6528264540823485,0.8571433431922449
0.26027323422862564,1.1722705570853986
-1.8981979191649248,-0.4546843188032448
0.1643636293381438,0.9832609295200971
-1.1536166301239192,-0.7852765018744686
0.6710722234270673,-0.39379342808090567
-0.6843342693586015,-0.947152926259889
1.7615451614888178,-0.8766021068673419
-0.18944006649791562,-1.114865276357755
0.23558359781546837,0.5258862025746364
0.9713863443105166,0.5416739805379276
-2.314893678661118,-0.8432755683654156
0.7015772562627245,0.0690757377654724
0.5354994012282451,-0.06626732631912216
-1.6406234797516372,-0.819944190606918
-0.24823960186117264,-0.23583228659541913
0.3038399795904104,-1.436499862178058
0.4254972374791122,1.1627248386583267
-0.022885615247678584,-2.104169845912831
0.5214347746964767,-1.587353485719117
-0.7000744073822689,1.6631899094788003
1.643368453149171,-1.2194840907875262
1.1262707983468074,1.8905224733228667
-0.3238981057958652,-0.4249557430055685
-2.1440309870651806,0.20042202493122713
-0.15149485094279866,-0.9091130210656376
-1.2405830584902717,-0.7421181939652105
-1.0901761112795865,-1.0255038560070804
0.3505497402655513,-0.5041654793506815
0.6515805404247427,-0.6756856344648037
-0.1379190091503843,1.9338873570519564
1.4141678770677348,0.027700797980719838
2.9644122549175322,-1.2820946228190242
1.8947825687440232,0.2878825300215294
2.2589299701798926,-1.2879542250049465
-1.1905669238679155,-0.6333176808341779
-0.46283505080954995,0.19605481499537675
1.152069858175393,-0.032437797949290734
-2.3535069673982765,-1.6512498452464666
-2.962449581385375,-0.36799296381501956
1.0606358405497036,0.1350453372822862
-0.89508112464331,0.03948305354885553
0.42347633482920194,-0.6607995755248555
0.17128860319013833,-1.3782928929971814
0.32715402281847084,-0.6943636233761808
1.4778080284376154,0.862380219731045
1.0633265363877489,-0.8404493514527883
0.31746391682968483,-0.0552012118287097
-0.8859684525709401,-0.19665888689407077
-0.438880058494137,-1.0720295783347233
-0.2728481265865111,-0.7690464460802036
-0.7379418696381491,-0.16095127609545237
0.5081921056643358,-0.8382168965030955
-1.1747079207916822,0.13332561846437407
-0.20738284087082687,2.7328131721320505
-1.9519483621686076,0.3688570274348061
-0.2588817335857577,0.95946338981345
2.3224387494076337,-1.1672052151316088
-0.4416731484328986,0.5231998519228256
-0.48660420938440485,0.4915716099678381
-0.7351677079218073,-0.59381830025005
-0.36061987110891325,-0.264441914235209
-1.0348753326205242,-0.46845008133173205
-0.1707935233971087,0.22111346563549086
-0.4047547281405489,-0.6102605773105582
0.2088465482736427,0.13214779444091612
0.020435897153872916,0.6266626511361432
-0.9955851866732572,1.4572265354940461
-0.4855521125908845,0.5053879062657002
-2.2080320151028014,-0.19151584582946082
0.6731334486880598,-0.2897867244630883
2.662358761365541,-0.4225261561530532
2.1134383994137877,0.19644499929305487
3.794004571756548,-0.29722225435685734
0.015208618875435502,-0.13045734189129296
-1.0053321385320797,-1.7867352699446057
0.7399982769979171,-0.24769953990027124
-0.8051618961936836,-0.3099195381927904
-0.8724238072522947,-0.3394000511567148
0.24098029176915878,-1.0138522342113652
-1.7472738447816232,-0.4636949962818946
-0.44648191984534064,-0.0654580505052938
-0.572949577945129,-0.5402343930939683
0.7513793207584807,-0.6492758691848236
-1.3193896583307592,-1.5732599902840616
1.2739946795417318,1.2915319973392325
-0.151689023432969,0.12325549146397616
-1.3082540697758658,-1.5314557656940913
-1.6311349640618902,0.3887318709722408
0.1306695991832288,0.5910915778077176
0.9633032375547024,-0.12774921870875827
-0.1307625762459646,-0.8584526371460623
1.2150862366805628,1.467348672456199
0.760335058109974,-1.3352560411707612
2.262425694479807,-2.160159074360651
-1.7300137715531483,-0.5484853966309308
-0.035661260854429055,2.3620475421274576
0.4589768585659133,0.29252274943986356
1.610162045064468,-0.24340522655933353
-1.8152991275665045,-1.8027971119338408
-2.3204614696082113,-0.5267198791500242
0.4499976472727889,0.9047651481723695
1.880428541604207,-0.28824307158669105
0.8129762744031961,1.5716733612985414
0.18444861653602526,0.723755603228129
1.5178128429756788,-1.6102011941145966
-1.0715161164678129,-1.2750465194250484
-0.004214650883799229,-1.434938606274876
0.7019674375552424,0.8704587370475535
0.3116772174478962,0.16149728210926753
1.6565255219386432,1.041543535892541
3.6525505105525515,-1.226413878257728
-0.17832731271278568,1.231197160558826
1.4018277265265018,0.24822177365687884
-0.6478033524508903,-0.021859941481762193
1.3839942428388856,0.3873850785387901
4.04912054355697,-3.019253920534621
-0.1980988685127595,0.6969465538860129
-0.13748655279533947,0.699693320352275
1.193193281523175,-0.5321056807799244
0.4109067200367257,0.00845789261811597
-2.5818489411871615,-0.7724052029157793
-1.2346773371487365,-0.8556761917152125
-1.5907691905655672,-0.4565943400383924
0.5102194119260549,-1.469633068865228
0.883548415792595,2.5238671943670976
0.43967272775036714,0.8679723879315331
-0.6874500122689242,-1.5399553061280635
0.26515649133664054,0.5240176051789905
0.648581148367565,0.4905287319902175
1.6262686999652065,-1.2589384468288094
0.7577839494571618,0.744801761731099
-0.5058152079924979,1.0358292191485345
2.2869148308082363,-0.15388717733368348
-1.9237374910513714,-0.5709180824125175
0.40574720805710407,-0.712676203198182
-0.989719198885172,-0.28027330509298054
0.13863185491073032,-0.983022438200646
0.5829615538649598,-0.008118674077996269
-0.030364930222803392,1.0482723675063776
0.007886748432175163,-1.3839884765957633
-1.9384456658181557,-0.09722755181497444
-2.134504141028782,0.693899430931479
0.3399927174267511,-0.5810045739045518
-2.66873838553537,-0.621423068601167
2.667594260904515,1.8660199238007051
1.1549389926976905,-0.8300806834412593
1.3808940914820798,-1.1723246923512627
1.933496848093441,1.4739234900001654
0.861119368493901,2.00866441852308
-1.0732356195706432,-1.4752028816478084
-0.08602939287531855,-0.3873869355368341
0.9318219341974316,0.20971437863827877
0.5604780345603205,-0.3435747765705719
0.1103347939298091,1.2473773856691346
-0.3172737293986543,0.5081324199849012
0.9072163918490522,0.45269491927442074
0.10558487081581902,-1.5521731556837917
-1.2848292113073692,-1.3061646393097908
0.9638490919081979,0.2207197500299332
-0.603132905804151,-0.2554362105220893
-0.8547401546979456,-0.6707716349335833
0.654227021635488,0.4577110073742078
-0.10579592026184606,0.39106552461427935
0.9038621677969206,0.10463440645499252
0.029785914871417678,-0.7215120814510737
-1.7154579880667027,0.37396847326197036
-0.5023590558785658,0.4024524392561072
0.7771648275853765,2.776855284285125
-1.00907142025191,0.25881246369848143
2.175183685619458,0.13677436213226032
-0.10061869944675342,-1.043565004693479
2.1539493294129426,-1.120312638609092
4.055346824917696,-2.5839041051137976
-1.8425451102612775,-0.7639474294057284
4.865337452787212,-1.5938943766981672
-0.4648134050618918,0.0016740280309453237
-1.2409369811436775,-0.7666059399566945
2.105512873543707,0.4052332547875559
-1.139776389885189,0.6024793640788307
0.3817836174730987,-0.2961086186904286
-1.2643062108354268,-1.2959423257836789
-0.5916681740230483,1.4989911570943741
-1.726066078362853,-0.3482098350891131
-2.7512813183560394,0.19681041976724262
0.43224523009313653,1.4367904841851682
1.4187247939054735,1.6951275801357812
-2.4786861148515387,-1.3283647338448905
-0.5848826139736455,-0.2720678034533023
-0.21108787467896287,-1.0885131227888571
-0.5447731773724053,0.4304401613991269
0.5806631049028201,1.6612362047412759
-0.3208332153655906,0.37867486536964057
-1.3015450025824624,-0.6389992522847923
-1.7768141223225686,0.3940152618839807
0.9177018517912269,1.3945888074936759
0.13490549788050796,0.5176948576154469
0.1012407847200606,0.9105986208721862
-0.6900475546270922,-1.4293002205823475
0.36633774892065585,-0.725489239693145
-0.5102246433926046,-0.45724295247559266
1.0625517688809107,0.8092330951462524
-1.2412073199352187,-0.7634963382841823
-1.0360591078213008,1.674405647519351
-0.4052354600246368,0.1607395947639749
-0.049697870013509296,0.044173630560512385
0.6514917127760484,-0.4866751065228164
-3.0394455797201823,-0.4301035681491826
-2.0491743252576105,-0.7894442292017578
1.6838364331678508,0.4167215180527566
-1.6363358047801255,-0.05607084147763619
-0.9249866786238863,-0.6921629379352175
0.301314316856229,-1.412511270908072
-1.1198601667552206,-0.5961227361403237
1.070824439398696,-1.5713457799382058
0.5296830637069122,0.7552824640037872
-0.6459117348356175,-0.4826796721463281
0.8279551604036475,-0.8688442741516691
1.535893342587665,-0.14069800649677414
-1.375668467076554,-0.2883976845624383
1.5218714266892734,-0.6969013491838829
-0.9313649901656185,0.15737050224011312
1.4904676360293,-0.4225898592358852
-2.4085053339999667,1.2097350189885345
0.8385096760929164,-0.732588570262125
-0.8866471647710709,-1.7517425020382067
-0.5858937786539784,0.23484697646065908
1.0627933229226174,1.8559993752981103
-0.5869603592873717,0.7660773710261799
1.3033534379295546,-0.8942471139258577
-0.4237083971275986,-1.1647504548660461
-1.111444029615435,-0.9400112108746532
2.9833134852737424,-0.6179239030734572
-0.5399061269323656,1.744903830494088
0.7972747612039781,0.5246789575354383
3.183222812137728,0.5885477461155756
-1.5627833764262051,0.20120315772137534
2.1061361341998617,-2.5132502156138687
0.7448982984898441,0.7393447825190154
-1.943784901301593,-0.38700138372713166
1.5631889682180802,1.2259494524979127
-0.10061695024744202,0.7811048754460295
-1.7829614709348351,0.1364494103678771
1.6525955127088539,1.590657048043763
1.0746540196079675,0.030305856944579435
0.07797707521746336,-0.3356856926975653
-1.1758161228477166,-0.42476524402720917
-1.8543881575121022,-0.9416288018625691
-0.49612248097870926,-0.9136575391728605
-0.840186018980853,-1.7654895804205428
0.6785576141640245,3.5529129076878534
-0.19773152592283658,0.4266144124238127
0.7214036161262468,-0.12452199580140583
0.18193105153892153,-0.015219780347582812
-1.0015646072423587,0.007049882137993818
0.22652472446017832,-0.41280722139691917
1.671419345129914,-1.0683380076790157
0.5751137227499791,0.8387518057565574
-0.07823948379347292,2.23029727696001
-1.0394337573724237,-0.7953856028182898
3.3785999204275177,1.6900421686492495
-1.8910564967771952,0.9356478952105002
-0.6096312674253933,0.09020421886591493
-1.0466688150313082,-0.5080382159545129
0.498036975231256,1.3172194921438876
0.03393333410719341,-0.022813069923925955
-0.8914575636441631,-0.6938665182911656
-0.09288970573524039,0.7049980588463669
-0.6344299915004272,-1.349363666155078
0.12110828934417134,-1.100485681210762
-0.7834699146300715,-1.002963267604297
-0.1440208507991543,-0.005877512234666038
0.7319075824556094,0.25842825607941255
0.23239732154092455,1.3723683750231281
-0.8833804039542562,2.100314791792283
1.233846977218348,-0.5179375910958426
-0.9431370735592153,-0.9294435571025585
-0.8209765494174532,-0.3610042141919153
0.6107554652147684,-1.2964169382599235
0.7611663890824822,0.28236062901437653
0.23200846277939005,0.9637277098817221
0.6938506425270102,-1.106341389367202
-0.8865039585108819,0.21748580991709165
1.0590180837644299,0.8314393642558122
-1.0879054437075226,-1.3916777954452362
1.805629093889156,0.49491229826630034
-1.2535583390161529,-1.1947468835494717
0.8603243531544623,1.2155989580928193
0.4108334134801672,1.407511197393273
-0.4359750826139027,-2.074893475326785
0.16729494370799114,0.886335231819185
-2.347758930726143,-0.17548434721700892
-0.9522514670350495,-0.9108838144281192
0.2699268180690735,0.4728112131802428
-1.6507403337371063,-0.24900505924554892
-1.2471690156238122,-0.1926989720657479
-1.9355604553259718,0.5335317483769094
0.09164075845596978,-1.1194265305157813
-1.4981334120768923,-0.8471147089718789
2.424053154758869,0.32886493326123944
-0.6461159562573501,1.4640193690938177
-2.5391826036477965,-0.6788213977962592
-2.4634290159217818,-0.44887789288084845
-2.08110935596774,-0.7014565621592026
-0.3361040192902631,0.177840961025303
-1.2722843326746254,-1.15684245965148
0.19317495290742082,1.4526781142772773
0.26043497436254925,0.5353248065196974
0.6681738269511883,0.9033585780462816
0.4197711837405439,-0.9406829414859907
0.4919771503628213,-0.9407515304854934
1.197903302537362,-0.2901615281000228
1.6532281250658865,0.5724502055381259
-0.2332535043736242,0.21345444603985322
4.624122557420791,-1.2437487628882666
0.32927449945838205,1.110943697923534
-0.5049247193554208,0.14579498638906135
-0.06823552830196745,1.9832764644722256
-0.8769940062663477,-0.25802219930117687
-1.1954687717139414,-0.4029379140064372
1.357362630135599,-0.8739772567217176
-0.5706072234189679,-0.009700400103795609
-0.30945430074080643,0.23692847028439695
0.1444034285740201,-0.469002759733806
-0.17044721851119699,-0.7111539855592994
-1.3843121718299396,-1.20364234736428
0.4654813538533068,-1.7897765764481528
0.3882966758473466,1.3143355262511147
-0.7915764786971928,0.06460410084132451
1.287319734958623,-1.1712519185836496
0.08075726292098656,-0.37210936436206354
1.0107415236148831,1.137045634593834
-1.1612826739694344,-0.5289553671573239
1.8183879741356401,0.25824486413057235
0.05094007855418551,2.4233964420603007
2.1315828784236697,-1.0386835114168256
-0.056312493990442206,0.045674142561694164
0.27266828928259634,1.9911746137179067
0.429045683000476,-1.2720832624144498
-1.6955156701761342,0.6992207763287724
-0.019804560729490064,0.09173180229922884
0.3726338533629277,0.07563403704362169
-0.27928868351554387,-1.7302876962631157
-0.42786390240872973,-1.1777552931307378
-1.5977162183239915,-0.539101367864565
-1.1802954767677591,-1.100428155008351
-0.23050997684521365,0.4238646964438164
-0.6134867688625045,-0.22848626999839491
-0.13809481801905668,0.6082219753273345
-1.152965617374175,3.6515673733539247
0.09732000275841854,0.6341172360220144
0.41296378345586704,1.1212424887429493
0.3952474362593547,-1.1585453819688223
0.41612789942723394,1.1798598351675673
0.20617418940966922,-1.064513395450065
-0.9707136113554469,0.9925023526920526
2.498628192286604,-0.048281843012846715
1.3971556228704274,-0.5864374765136513
-1.4215486707140381,-1.8165220782996434
-0.641078943807054,-0.224377448944192
1.751989575994494,0.06281448423689676
-1.0224713319653969,-0.3792968510762693
-2.5094783588559344,-0.1652990356309862
-0.6007645207077983,1.0488230774002265
0.8705984224619203,0.2695765313688015
-1.618176505938133,-0.11832461957475435
1.923347584436902,0.5425798879841238
0.3764354516330819,0.32259364061483276
0.1851532672558759,0.14413161820313913
0.3924072026770825,1.0098525604422874
0.1692530061478151,0.25407437124609145
0.47982750165808774,0.5608313640296632
-2.2831340191014546,-0.7044520521770724
-0.10736702670041634,-0.42454930663498636
0.7437477394080434,0.045137787266552445
-0.6206177890837016,0.4440574145928996
0.027353055265490457,1.000266618648318
-1.6788039620892197,-0.37912997087019706
1.681846465149002,-0.9159273090118711
-0.4367494948956667,-0.140043021467471
-1.9068156420497382,-0.8737969468411728
-0.49182528911986206,-0.2108123791438797
0.2794013683992401,0.6147448890876411
0.2196222937780126,-1.8465284225843526
0.0851022806145362,-0.22519432997536
-0.3772785971911926,0.16271024737566364
-0.3311701361801917,0.07714074152794961
0.33487699078516153,1.416863588183048
-1.1017004921046947,-0.17124817181335836
-2.428734242588917,-0.9439245844666473
2.4421186955439955,0.358950101120567
0.350351616216654,1.2345689862966893
-0.05066242268141621,1.0063951492744532
2.5305745635405072,-1.0147342262814136
-0.8080439259223533,0.1694798782960601
1.613816971661291,-2.6527698722684194
0.6046992252420819,1.3411251176179346
-0.02447881276618563,-1.457766709765976
-0.5340588732269685,-1.3384872662534721
-0.6749533725464001,0.35375997345707744
-1.1934910696296128,-1.1090128600408857
0.22713437227117814,0.4491197174239261
0.9074051611828835,1.564970217408442
-1.9021738999203335,-0.9640824969882098
0.9655370912740724,0.21944090005744554
-0.7120449595772094,-1.3295221611869543
-1.2535293857561787,0.8351844399797098
-1.4432856442973079,-0.976803353081654
-1.1662187879299912,-0.3923632965522147
-1.213217019284791,-0.8314160227727029
-1.022665149000627,-0.9174763614056833
-2.2695528212676255,-0.41116197829020373
1.2607612866382962,-0.13758135654404408
0.170100327244432,-1.126529712649668
-0.12654926538358244,-0.15481554494101873
0.13265671879239493,1.8798365152803829
-0.3791740167116592,0.4511850643385591
0.3915451851131271,0.8843313929312968
-0.8277031630728933,-0.35457194160481564
1.0762759746846087,1.0105259730222662
-3.0047375952926973,-0.6471018436158107
1.1001047047105954,1.2427219878014606
3.0581329482622324,0.047416646852490626
0.3637817540386372,0.09119950859594442
-1.0573286930411552,-0.44900948151448683
-0.48152402733812105,0.018087640580885814
-0.47220977673154907,-1.0496252505257195
-0.2614335907118023,0.5610006867289448
-1.4522915781901982,-0.9416030669460043
-0.4209218532914689,-1.6898749750736766
0.9037061850227697,0.3205718114762046
1.4152490915936216,-0.34342476918803944
0.49889968029825527,0.7170147858409046
-1.8090390524531137,-0.06569175085596926
-2.187601018039814,-0.8456542071496035
0.341932843806834,0.7404821470894444
1.0816847200608009,1.5350555583290542
-0.6605889662907499,-0.2269522620467366
0.5545530831412075,0.8727066461910171
0.745121074443829,-0.3316708211686479
-0.6252806726524152,-1.2470088321986312
0.37347281291677925,0.8223855710185305
-1.4074043477122467,-0.167380228921903
-1.1529557239781483,-0.8432065533750914
2.4622198940298796,0.1509576643391154
-1.0489172110853895,-1.4848267994350663
0.4883912199427022,-0.3441687467985761
-0.6355223096852116,0.21348353826996788
-0.27670044370798236,0.22698618918563437
-0.04767118549582401,0.21265710024721754
-0.5112937190827571,0.36464969249939194
-1.0337436494144414,-1.5250868991637734
-0.8890431359721189,0.009948083138609301
2.180544499284243,-1.5107893140551245
-0.7597042099413951,-1.5526459747577814
1.4540992492003288,-0.28809679856595505
-1.1851562171854626,-0.03874432972817354
0.1699358217021295,0.5229473034988186
0.6572240487359355,-0.5129443699763876
-1.299882421333501,2.7824834244566206
0.2160607900065399,-1.0177963209037086
0.14366242171274404,-1.5424410167359335
-0.0671358359725902,0.7602387727501079
0.924024377225603,-0.867035875540764
-2.6622308678108126,-1.8959786793675837
2.181770128246463,-0.3277428141398784
-1.5342935571013818,-1.7131560936111718
-0.3911229625693976,0.0878959178027306
-0.7911540541873758,-0.507864675435011
1.7145538776194136,0.4624641429678714
-0.38694455898493757,0.5675610862501892
1.7694132002958534,2.1731762633586116
1.1142867731863928,-0.6397850541669017
1.1149857731247597,-1.5955300144565485
0.035418196989420454,0.8696267905793142
0.41912401344790234,-0.006071120632033383
-0.5780730586450143,-0.0286349824970151
1.1488029076593607,0.29575128545299884
-0.4275900876748341,1.2691105917769925
0.8980614792939899,1.76655218359805
0.6666055963721838,-0.16576260067220733
0.3839007636471835,1.1562871879572283
0.021102973315000655,0.704342511591628
-1.8852981952010928,0.9067955508270448
-0.5078658560369596,0.13970350358556655
0.25265815655806445,2.698490933224936
1.763994139494059,-1.0206063048819358
0.8026383321699387,0.28569376216131026
0.8616165290260409,0.12956647628014195
1.0783528507033577,-0.5592188949297707
-0.9150011785265139,-1.484982716365704
0.7184353214203566,1.0524045750892175
-0.6486909100494735,0.056455524578566535
0.19567239770648093,0.620253913110174
-1.4029932743721083,-0.1733638790680773
-1.0268449628124228,-0.8470183747325173
1.2955574940903307,-1.795952510487588
1.365053336117117,0.49726134371648956
-1.7952109416674409,-1.1866082308434114
-0.22159846259478208,2.4017621717647772
0.38634402583540395,1.664912831842394
1.86607925667877,-0.09749825481680663
2.2120391162728725,0.8192983900431267
-0.0010973348141714162,-0.25005925379010296
0.24736173326386682,0.5478439944669552
0.45685968757237794,1.776291003864499
0.760691414096116,1.986812295259756
-2.3004874613600035,-1.5156210002058847
0.40254904890597487,-0.11653851694582434
1.169953052057194,-0.8941352464629307
-0.5878261967761902,-0.29490693614014496
0.14238155317412063,0.8698464661762952
-1.4376987388679756,-0.06505271187255385
-1.1301369981964688,-1.2085398686570181
-1.8827487033751087,-1.1457886524252272
0.25413739378247113,-0.0618932273844663
-0.09212702775748641,-1.0557536453824914
-2.7985501072834307,0.6831172711369066
1.5560646403757497,0.2131636765635059
-0.5587685381871415,-2.409419539505303
-0.4974607320795228,-0.706521610090105
-0.4492076461496829,-0.17470036650958232
-1.498944611620032,0.49631017734193794
1.3770340454715255,-1.2465806596058524
0.8929628210779865,-0.2686535012409097
0.4559665584131427,-2.2539427092157056
0.03662273509219075,0.6655923435331897
-1.3236292892621961,-0.5066303009686913
1.1118013421164823,0.5558747017726076
-0.798156535951977,2.201344719948644
-1.0774661541933546,0.7247898738455433
0.3406087582311423,-1.810952235189521
0.08996723050810423,-0.4472013327304759
1.1865724336577514,1.303582723773624
-0.9177730819318246,-0.7765584428198982
0.3538233555039362,-1.640759964134123
-0.07260638446584505,1.4706040187758094
-0.3865103249926598,0.3856349184185711
-2.0189025342044973,-1.2593933700308428
-1.1590479972633314,1.6242092109630126
-0.2547703104459337,0.4665698369467952
-0.357526944963846,0.3779851215739001
-0.5177736233732484,-0.5975778521496364
1.5076137686078965,1.1725781321787714
-0.7370158571811526,2.309476257349669
0.1530135023757886,-0.036844171008978105
1.3509676291030333,0.12141922557774046
0.30753992614283143,0.6124642447316324
0.11755259193372641,-2.006433166530653
0.11392085614907188,0.22538996822884977
-0.8887364202203489,-0.9627110666235759
-1.527182839777088,-0.6907696457911696
-0.47577636962895076,-0.5877131257735456
1.0385895750820315,-1.2627795274157856
4.175647980509782,-1.3607060450736892
-0.6868901461163814,0.7541938078665967
2.5629110931240726,-1.051222195624337
0.2948688303392819,-0.42759254708424577
0.3337589009427314,3.090482285230651
-0.1451132915087974,-0.08677214889547319
-0.9732098078870096,-0.29482065985579553
2.134683568816079,0.1128403372065172
0.32365798621283176,-0.07990962845812916
0.06610166424549224,-1.8040377286833629
0.3048092404704432,1.7532777329734033
1.6686072533593632,1.9047936806877135
1.0264640561822682,-0.015589058186635613
-1.239172161311527,-0.5068693094335428
-0.5761038980201583,-0.0012716727564690278
0.7139267482045403,-0.04247427212140864
-0.9440765564443522,-0.5188326957298706
1.8324669297495988,-0.7937076432828593
1.223662905048803,0.3284967768515912
-0.3788447431870086,1.3610671909303496
-0.9045976982579658,-0.514940918219862
-0.6884758827683016,-0.9257583929498386
0.013693681426003558,2.1964741303548183
-0.4045158174983743,-1.5922879815398314
0.1547472137112627,0.14534938859734176
0.5286706293283212,1.154735207408548
-1.1067691646296751,-0.9228932658717248
-0.2882103953046914,-0.277775268767825
0.6489952361091158,-0.07558731337105368
-2.405639041789992,0.11190622001049388
0.03885213263906443,0.06618120410282699
3.7756143108404565,-2.080892917501292
0.3498328006531033,-0.6590502681855857
4.641877848948946,-1.9437336866728994
0.05375561070527598,0.029090720344996372
-1.8543930177016987,-0.779178351612661
1.8300142662318017,0.5249765582672121
-1.5369692900016303,-1.1804679416552675
-1.23404180471077,-0.32220329052833396
-3.134439593769689,-0.9986892416502806
0.13102660045662134,-0.2758015912635039
-0.4562793937502117,-1.481268621435294
1.3989267937275502,-2.389485830472687
-2.9355267893589443,0.42342187475653725
-1.2220567629918013,-0.4875791992802946
0.31754013951298204,1.3942255363713056
1.393662424972346,-0.8408095476464359
0.430345972648167,0.4370551856734536
-0.8767521045704774,2.8922455681682924
0.5163420887140496,0.7212461428774218
-0.3569548107516377,-0.26919309493020604
-1.2871590822948493,-0.788828820586144
-2.6364742227178133,0.5079068113618936
-0.15480956236193624,-0.21282361867811642
1.6540535482442846,-0.33190762278062236
0.5340972464019587,-0.5267091261255236
1.6708535871879084,-0.16917443868804588
0.18248467986831243,1.5142826408587453
2.711906997298952,-1.9927812670422043
4.979079862385136,-2.9099134662389328
-1.2390366817874936,-1.0489806523207807
1.8225518166421346,0.1649270365451991
-3.686884772984715,-1.0453886022142818
0.7156250589568214,0.9655778966802957
-0.44044309989766195,0.7964202195308829
-0.3489622668662181,0.845732228724176
-0.0987788603401141,0.40138359717296535
4.376978204731058,-1.81592295714432
0.731001358106023,-1.0771272583481217
-1.7498985945695549,-0.5668868769846442
-0.7625473355313862,0.051616613990747504
-1.4441960212128404,0.32850174310548297
1.752807561473669,0.3094940344902432
-2.5240680978206034,-0.3122360900209885
-1.404708543618937,0.27473738083976107
-2.0656979071487,-0.8438110632931883
-2.2282032211539975,-0.9466742734685281
-1.199913248965379,-0.6705933094168026
-1.0408255369280133,2.4018445278687026
0.43926228454973615,0.5681386542471081
-1.0762999619010871,1.6817562366508578
-1.3239475978573003,-0.6413669225454709
0.7446268256821187,2.289305812602964
-0.4342483151754301,-0.2835357812798578
-1.0132502231267322,3.2071918480206714
1.1743542775819074,-0.27475309609860676
0.06900508939232075,-0.8834872386583484
0.6198997667208291,1.0440484402041
1.9407989914785233,-1.0502507392289309
0.2331572294022383,0.6221461396674802
-0.005266231665080515,-0.0755722894686538
-0.5030904187711189,-0.7653361731093143
0.13059603766308303,-0.5230345383961291
0.558672973935663,0.26644988487684895
-0.20839095557172094,0.8404846144873501
1.9055822919498837,-0.1860793869960586
-0.3033581756085817,-1.200289558221935
1.697877966803957,-1.5980149321673596
0.8983447557771999,-0.22372607572231593
0.7618201873774328,-0.35687933825735185
-0.12650937955657773,2.43696618210835
0.8985679724141947,-0.20835042187115924
0.5858238863011772,-0.08388689416924328
0.1884361556771907,0.9920239409767118
0.9410760672051048,0.5541821918018002
-0.12347190362839436,0.5100554031538777
1.7975338501977165,-1.3550340748771925
-2.209646760877173,-1.5790041931552385
2.12626245410706,-1.3278860791819682
0.3489489047376929,0.8951825522146855
1.8730413806180377,0.5017537048289904
-0.8661733244341814,-0.18364361203524776
0.8900157332188949,-1.7560342619063904
-1.4990184086039986,0.005354234753011902
-0.12016898866764705,1.5118649755516624
-1.488452782938578,0.10646299340268586
1.308243963328823,-1.5680794378686314
-1.4910499373833308,-1.5618712719841388
0.9624912736603095,0.06976256788015593
0.5854928144462391,-1.5232091662469875
1.2440822810347267,0.4416844892666637
-1.8748177105304207,-1.177392567490591
-1.7565164277629048,-0.03984500010776382
0.7832188347438176,-0.6099541280408806
-0.42694948834910984,0.3389352022401896
0.28201219194370997,-0.8939635366682576
0.18961869053591734,-1.1105653059952665
-1.5376077277770168,0.7448991563941286
-0.03590850428534512,0.3819166484261811
-0.01020046649900757,-0.8580139571296194
0.27935645524499286,0.021383800736660713
0.10324266801008786,0.30606537501051173
0.6497649417705273,0.010423663952547825
0.46593980591690276,1.1656892213164758
0.8502014678291311,-0.14027736241395056
0.8063071492198813,-0.14994440284074814
0.7829755616848264,1.1127504100869297
0.8969796062992799,-0.7967809737480471
0.4888231253247658,0.55643482280547
1.5128913287998815,0.6289730723306685
-1.105379237717368,-0.5734902645446027
0.3801095568882529,0.13832984256934228
0.011059029613330142,1.0220236668925755
1.471997293068204,0.30286681494758366
0.40810921025277114,-0.3135239428843266
0.08175493658684754,0.43636629273912964
-1.3465945245743431,-0.908314971588376
0.31772321910042667,-1.3905618164888638
3.321578459294942,-0.4506327875270212
-1.8726340331278295,-0.6589519321705365
0.3051231728016323,-0.2066411919348776
-0.7386029968914786,-0.21021868384008033
2.2638999913532922,-0.02303192064176586
-0.7953327905181642,-0.7768143953767541
-0.1541950141259894,0.14364664652828385
-0.5410139040341038,0.039515328795369314
-0.7144305637629649,-0.9277734425609049
1.0214965591370604,-0.7062887301123276
-1.044025241313177,1.7014857824365082
-0.431680355753691,0.4207849659903887
-0.9362141095753828,0.5644240122169074
-0.6407508578597029,-0.5164856315480754
1.659720820864594,-0.35998470310868613
-0.8765966966378347,-0.3449175058428442
-0.3908457463708148,-1.9174909521452916
3.797321825072793,-2.0029083902525873
-1.182392094274509,-0.7347115168725106
-0.8521306526180712,-0.23194106756234492
1.7999394439601453,1.5425249987909433
1.5924654128678621,1.3857880004069683
-0.9121517798360527,-0.9756138110778687
-2.008637189392056,-0.2752034612030285
1.9613123898145215,-2.439683653761435
0.5844641380313574,1.726083113220483
-2.107406991515962,0.397583659858904
0.913330154628241,1.223484110203004
0.5412199410495973,1.7604042267439726
-0.9746041281302389,-0.554473224264227
0.8457621728007325,0.22277469545073392
0.037318930632070056,-0.4532325210048097
1.517723156710119,-0.9141377417811376
-0.5483518700019007,-1.8256221685883336
-1.4218901844388858,-1.5298972027548061
1.5480527206616057,0.8187238076657206
-2.6578606316090174,-0.39853242066647065
-0.5370454520512369,0.049682089965207565
-1.2486205977614748,-0.06780249728717375
1.5292254560528786,1.4348915758577012
2.8261690526260654,-2.4421646662706347
0.9098000882982488,0.8570143250137272
1.3074514769442303,0.20297912681082458
-1.9473842466036924,-1.746517110555545
-0.2390526626023514,0.06250944777508817
0.3136095807748023,-0.2493257915823245
-0.7505297161067039,-1.030466512702679
0.3175586284670056,1.1375286520006294
-0.30708609344548227,-0.8424352356483151
0.5733158433504346,-0.23261426809120636
-0.7821552615132703,-0.6468936168740324
1.771504816855276,0.8871706585846042
-0.3206948349333451,-0.19025693704682903
0.025163086778388376,0.04130662196620104
-0.20872554851693603,0.013786135638445912
1.0462304536777325,0.8888570692734397
0.8431740068925302,-0.7486007437526936
-0.06744012681136166,0.4046326396617481
-0.9346479882366414,-0.22308136077283394
-0.8729396343274388,0.5054691372592881
-0.5957287833086011,-1.775535770960622
-0.013102711931467032,-0.4941030693613998
-1.2498377496844708,-0.5647521875932312
-0.8502547211212435,-0.6287777744033186
-0.2818227907476137,-0.5213383132488876
-0.34112901959703024,0.2628557768812524
-0.7661326729879435,0.24047973784261029
0.9465293439280963,-0.4462235553115512
1.7285951657279108,0.5277848890788501
-0.6134889042429442,-0.07884753170012024
0.3947196833849912,0.9463812310436773
-2.068781756646451,0.3434321269499031
-1.9404126007439473,-0.27249564855974706
0.05443667941818641,-0.7435604835241332
-0.15373689746081234,-1.66009578471161
1.2624484479522138,-0.946637691845023
-0.9064055817889454,-2.480773444166106
0.8239701921729026,-0.7706303227357548
1.136845896407374,-0.8538167030557586
-0.5434020739081964,3.7612477607619565
-0.12882892300796914,0.32259037837162796
-0.8268365962191031,-0.71564859084073
1.163116326092789,0.4443036504554577
0.8830804563103231,1.010543449254852
1.4348837780297994,0.6927215514445922
-0.32875401125144055,0.2318598386743343
0.5580173989146716,-0.6244205791427677
2.122723064308179,0.04427168446724497
0.8848082330436028,-0.04701927213875197
-0.48831555992415676,0.4930397017291963
-0.7681799366663002,-1.1777756737946572
-1.0957983811717384,-1.2395478877451291
0.7237923523942859,-1.8972998593907329
0.5695692062413846,-0.24426764477821802
2.639092996482939,-1.1455363810496575
-1.5315889818389223,-0.7303517350515951
1.3036704338274647,-0.97499827842056
-2.0034919250525633,0.47772332321276
-1.6034521270046804,-0.049660057899068244
-1.4921732223330655,0.7228770937925804
0.266951301144418,0.4346201987635059
0.12399669211863484,0.5309373363275819
-1.0415821316000526,-0.41954151669262685
0.60453634414511,-1.1200655126137686
0.535519338800763,0.6988874683530786
-0.14302883355032106,-0.31335792928697104
1.2273641339659158,-1.2196313837209902
1.127534139071368,-0.21255016908353272
-0.5001621366077647,-0.18398617111663992
-0.07383952225369005,0.6609596711750945
1.3101558475008463,-0.10541051965552156
2.5474114490527966,-0.19526276698594922
1.8966395891946148,-0.05445826745397231
-1.0174372096947497,-0.4763649448906728
-1.0782914955305059,1.0441336523816052
-0.8475567258649201,0.9339153889610108
-1.1034866689536194,-1.3571348629343885
0.2811097203510601,-1.1510427670108274
-0.48679614953267164,1.1363941176114165
0.8257285921720979,0.8506905363583878
-0.8937668389067618,1.4901951035295264
1.6291238942372086,-0.9278419736224252
-1.3838114040674105,0.22285314849560567
0.0781586693201421,0.03105715188721843
0.5075330549566274,-2.195166139214667
0.0980549856472788,-2.0913288257474925
0.3014896531971516,0.11292828612019873
-0.11680717003495264,0.8843998530353414
-0.5509310639695454,-0.350461005597288
-1.0172885903358864,-0.6690070550854111
0.0975410813671432,2.3541592264620244
-0.6042591915919554,1.9942299380386839
-0.038907333623697096,0.4989250694402374
1.4678048164524347,0.6885514675736876
0.4496718791580061,-1.0061194229409913
0.23724109296135718,0.9506155474037856
-0.5587114638213264,0.24952330543584655
-1.697558855164348,-0.17109642453301083
0.02487764792362266,-0.2237092018392919
2.166895604668856,0.19295677216852328
-0.31970592682821236,-1.0939293584272314
-0.09271916268182609,-1.8350189807936357
0.38852184158944936,-0.4767774540054742
0.7236766128072822,-0.4798993714262766
-1.2561126708241936,0.07980417574178157
0.7795063546210754,0.6409232457990546
-0.8521721903810949,-0.14998902640880338
1.3109980668832826,2.0527964477979417
-2.0221800025120666,0.03767615368321388
0.33803459953633075,0.3846712594780728
2.2922042648861916,-1.7221954638943149
0.9995325649222206,-0.7879597079530678
-0.6362543526418298,-0.06254518213169609
-0.8688407965227953,-0.5872635324883647
-0.6085144508106772,-1.8446154505016916
-0.15287271779677933,-1.0337200233088801
0.4090734703224598,-0.17267628644361915
1.2095359317267098,-0.04329937824774868
0.7196436389909191,-0.2464021146062159
0.9315157166997049,-0.8484790860973138
-0.058274538807725526,-0.20193349157995807
-1.4989284828671299,-1.9624519055182672
-0.8062961342522587,-0.0010411742303082644
0.6385747576195309,1.0122796596994001
-1.3740574466729976,-0.3682494428161265
0.39085493320250897,2.325914043710106
1.0094847119020163,-0.05905944932992224
1.1387123824280212,1.3383853487422712
-1.6641763525200761,-0.32726477590441583
-0.9607767475660685,-0.22487986013726743
-0.1519404266013845,-0.13449574824735697
0.49720522936859246,-0.4409367054655823
-1.1484572608287986,-0.4306423612837129
0.4301172367137107,0.1981223313533619
0.2901813957875081,0.9389370550402222
1.3149614109329784,0.5733449760125483
-0.7012834303494211,-0.041894225947694236
-0.1217748951632964,-1.303992857147992
-0.582983497510652,0.6007753711956298
-2.167462437333101,-0.13467328377426022
-2.4542677351899127,0.04240053927434835
1.9639486825718313,-1.9441540016624566
-0.6941919074071394,-1.4714683351811175
-0.6301030560631444,-0.8346393180792309
0.5928466216855625,2.4089965501290274
0.20007716299166636,0.7579252811510894
0.2826852336975877,0.42430385232707335
0.322326005433629,-0.9020066002835968
-0.0959165181756066,0.16656027034136514
-0.14184327168732438,-0.8397893789985079
-0.11189806660268639,1.261815973379918
-1.8057188573283125,-1.33307284077462
0.70304000227813,0.0831783473940152
0.6764942206620768,-1.196852025921138
2.36512103557099,-1.9116282898037251
0.5873857360677085,-0.12615785347401368
-2.0905759732836184,-0.1917324473375355
-0.012004674926706108,0.6405951566227913
2.5196439290453365,1.220272208415868
0.9100645229710445,1.2816840030995722
-0.13820325184176302,0.9253126609635347
-2.4364313259003096,-0.4614144156494082
-0.2952146836452262,0.20051778043459023
-1.8830061159275402,-0.48008581996976907
0.6406698523414336,0.766012192462831
-0.31420061643737185,0.6240737651303853
-0.64398346826332,0.8317023477257202
-1.5845732302579567,-0.9734549885816115
0.8607436494891038,-1.2549819723882751
-0.7455617580583522,-0.45579406640729736
0.3429589653716226,1.2368155189151824
0.9696290104205247,1.709652478079241
0.18985888293153216,0.4403540112223351
0.12467705509733912,0.4668008617329471
-0.7366226440624162,1.6975166604697958
-0.6687544566305429,2.3199562412830885
-2.6942584942758403,0.25676088591294854
-2.2525116881476404,-1.0115252123723217
0.22691637598304085,-0.27868375029693526
0.9383732095890479,0.34347504673673035
-0.7583963756657203,1.660504322037681
-2.6899899975126456,-0.15734543040431082
1.6760806051617958,1.7342529228900596
0.14869290493694604,-0.5801199116352234
0.8375002260769333,-0.22064058401783612
-1.8825086383169285,-0.37770498731541013
0.1780364313335643,1.6903390158001017
-0.43987476778865603,-1.2836338893107022
-1.389257489240471,0.024894216313112644
-0.6235885188909789,-0.20078414408653475
-0.7150751140059219,0.15781872823794812
-0.20920526557942892,-0.834409484944201
0.12632780318436437,-0.1260112824165217
-0.899777998026964,-0.03900120344609215
1.3693132937586727,1.5273336927159937
-1.9921440195380469,-0.9503755381892607
-1.0632408339309125,0.7771253624675974
1.1064180412539468,1.8559987780335088
0.8093007519942974,-0.361184608559005
0.09117975246545768,0.3689577007779621
1.4971687285762836,0.24652859969213295
0.37319815606228357,2.2923947594606773
0.1733315324347512,-0.46637907965907643
-0.6389825947285,1.4863651115191205
-0.2396540830615458,-2.042295482149992
-0.1257380936868548,-0.5760486365341009
0.7983135308484014,-0.3942069420186939
-1.5436169313591424,0.8628524295927446
0.11882839832017073,1.9667667450944273
-0.4247452300667361,0.9330723531955125
0.6703308067875078,-0.6841624294720706
0.352139160909147,0.7803366835395481
1.1041841168161746,-0.4104254987723557
0.45037886935330473,-0.05319384287605375
-1.7224676170974973,-0.580388265517388
-0.8607123577939422,-0.5662814403121611
-0.37420890492046044,-0.9083151020426586
0.2504743036391988,-0.9009942636154809
0.18690240771553102,-0.9040279806801689
2.2019546751557133,-1.1544585546679185
0.08407161852292813,-1.220591475919724
-0.49894860962499277,0.135117722119312
-0.449600853107039,1.2035690898880498
1.1240977708148074,-0.281767705343551
-1.9293140751803828,-0.20104077746365903
-0.9031951783445483,-0.9992244438589546
-1.776476353970993,-0.4502001808871374
1.3714547575787652,0.05860873219513313
2.6244257824785913,-0.032906917886951104
0.6870697327060983,0.19599728157085208
-0.8115891994154629,-0.7031383016577604
0.9022786817135541,-0.7049391753865728
-0.20523206223428125,0.3693640398096327
-1.0410145832328548,-0.7171731103504676
2.3317128845564725,0.25656965574572704
0.20114776094605377,-1.764249124649003
-1.385414585877756,-0.9632999816560959
0.9899970801490534,-0.743442575349335
0.8157341890345445,-0.10101291639026
-0.06823998013928889,0.04747682128601681
1.1449388246076504,0.359296845657065
1.0691246601326636,0.2834749740817063
-0.13154413956267688,-0.6092319793933619
-0.2895037454431473,-0.2006292761155756
-2.3319382994244076,0.2790024514584318
-2.711898234303928,-0.600730016060727
0.576156190182274,0.4919959149515015
0.2855381863673846,0.08314741088721642
0.9220916389393293,-0.5356469113073294
0.9844814055695019,-0.5005294974454595
-1.168281456839213,-0.6482349214292737
0.4585702697998647,0.08692728878291148
-0.8597763328400789,-0.7139799701622462
-1.6763486964796046,-0.7014386555495348
0.04035898380828993,0.8254132180926067
0.5492449403922881,1.2062498150917231
0.4114953156376955,0.546159385690489
1.680307592563101,0.7535392456302308
1.5930964645884467,-1.7367205689927123
-1.8092174617537053,-0.441645162276879
-0.1965227053517921,-2.0536240645697665
-0.7176827007464484,-0.867020043064856
0.003706669704655427,0.5898457165140797
-0.9932160665913998,-1.284655169700002
0.19264042481973856,0.37579443955390646
-1.1305674772407106,-1.7151534880165349
0.5518600090095295,0.09616092679813004
3.3979961819546944,-1.5606024854950145
-1.7676870514286909,-0.7481812696737785
0.45477010266768914,-0.031305297554795636
0.6721537792335674,0.19301790069515734
-1.0219285236616753,-0.8808226613870678
2.7799676716424884,-0.4951752282609533
-0.42360039081007184,0.27884247839528287
-0.4891326093533732,-1.4735117633855288
4.536299845788865,-1.277600907850094
-0.9721566502799752,-0.3538613363302311
-0.09934095181133154,-0.24665105041467053
-2.472753128314088,0.0833876173564572
0.43029708673967126,1.0713637101011033
5.156094969210376,-0.9779304855961732
-1.2099591689509908,-1.181396291606386
-0.5062963106620686,-1.5240554421269448
-0.07020379764735742,0.8403686752228018
3.797855729545248,-1.9900568949743684
-0.1519357640199502,-0.6687825329324144
-2.8988574046562476,-0.48031766549677013
3.9718909420242743,-1.690331270184819
2.2234709730077284,0.3910012798188901
0.34256101406093603,-0.45642520926676866
-2.433815712644767,-0.5949628313212982
-0.7446180889522782,0.7634142887961224
-0.13799054423633067,0.03317323587651491
1.5088222175143071,-0.975833146287141
0.8492527339583985,1.0815635216614508
-0.04255363950007757,1.5104753404156068
-2.4867680363406124,0.407753879939066
2.656511917520213,0.22389537846299226
-0.46907687807046683,-0.5232665684987178
-0.36264400713937117,-1.583044299842352
-0.07426612617738851,2.5392120071656485
0.6214238952218701,2.1312541045787867
-0.0067125924608987045,0.05661391848043208
0.9689561926784311,-0.13446706342494108
0.2365985452314611,-1.12734047811326
0.9939714990138933,1.6563634440912214
0.36442542647985643,0.6628532265238686
3.7746174365795726,-3.1721979970932654
3.3319690573283895,-1.8064864037872879
-0.8110409931489425,-0.4422586578756944
-1.8131381528406203,-0.7874618428208305
-0.42213480367263045,-0.2484509171304767
-0.7313860723276406,4.0652443672627125
-1.070202522156261,0.047306878247190196
-0.22814195752935554,0.35578564262417045
0.5662928094383117,-0.8272988670869267
-0.4805000990397271,0.08656404352585144
-0.21651438605982207,0.1495894083826178
0.43372330248199364,0.580400413313468
-1.3391667667991243,-0.9921679567714352
0.9254972232953971,0.5422026744633924
0.6384988540778754,0.9341887435386523
1.4818915158485966,0.1567357240552167
-1.2408293948567037,-0.8220298971802847
-0.003330945419160923,1.121642938290805
0.48120973336568573,0.7444381445140976
-0.22378980317579578,-1.0837426642203454
1.0102242461617683,2.341055210874225
-0.96700126125679,0.11992973281299982
0.47792970397466183,1.422782574778981
-0.827358579497173,-1.0637937992873212
0.42325082493096755,-0.8943293644660022
0.6366969743653742,0.07026206716574396
0.3623051112894735,-0.3888893817396971
0.49818058053465086,-1.2732447620105423
0.5899671683552679,1.7375171831714726
1.9734710470509857,0.5659532335346912
-2.0354821436556727,-1.3950790699551907
-0.41129195059846535,-1.0014999899662884
-3.207463748767253,0.17776557731601283
0.4181157567395845,1.316838272027155
0.3633479074154821,-2.230472190173496
0.03768694115024091,2.6538568954581585
-0.11839438618521972,2.2586364872093534
-1.4116281734391334,-1.017366172025098
0.10319009752436986,-0.5971910061691564
0.18853124435941895,0.11589279861978884
0.3369790061163159,1.4682638385351197
-0.48542979934012975,1.2741436097259167
1.041781595355747,0.4919890745449569
-0.14661879034982472,0.5108341869076709
0.48375437876699756,-0.8459278643214612
1.7272535869317964,0.7871195778378617
-1.2757559375613354,-0.491016161284512
1.1101016225974922,1.6150543532884005
-0.05987201381331511,-0.5999913901012417
-2.2262777736569395,-1.2867191079688391
-0.37110048460567624,2.777777074562194
3.2351774395853377,-2.0676115882047936
1.6683718566195485,0.6269803590240496
0.0028715451841527656,2.7365124392495974
-0.8162088024839601,-1.6572698142837523
0.8727700806839158,-1.0224561732837365
-1.587595082697789,-1.5511154373899654
0.8025517309830106,0.5287644922098476
-1.3194929026309525,-0.8685919812966135
-2.8663695738284094,-0.9357341649123754
-0.04144369756699773,-2.3620242978567507
0.3778591631212176,0.9985388062223773
-0.11004120131048875,1.7875095803570134
-2.2595598606272875,-0.7404496617827839
0.03356119299723962,0.5852797938120969
0.8615081952472616,-1.0088855820345497
-0.1870170310267044,0.40764623401132616
-0.7625280314381387,-0.14213025005722485
-1.7719767683816645,-0.4053246959251715
-2.1826278903289458,-0.4807010538670117
2.281908286001153,0.7495100525381574
0.21104589301354806,-2.2811979217761222
1.821316886384412,-0.64009976903165
0.34436541875078575,0.7147698481491656
-1.3865794819724206,0.1511714950619294
-0.39052871986834037,1.246403652337488
-0.6175933935782995,0.46068843508686885
-0.5723283596013995,-0.364350648214261
-0.4318885358468673,0.24547526173676604
2.120752650424996,-1.6361170146117918
0.5893602694592566,-0.41603577058994556
-0.8718369894724034,-0.9308488902122461
0.1620816547905108,0.8721325830026225
0.568194363393466,-0.5969557580523254
1.6572250761604492,1.7181438903840665
0.3577792064988571,0.5299832793540619
-0.28492492499019845,-0.5426464293474023
0.06047799303371943,2.7005562874091513
-0.11082600133965845,0.13712212589381398
0.738640219076957,-1.264648828788602
1.0511576094042068,-0.5566539753444689
-0.970661568553162,0.5255257285115232
-0.347183633907276,0.24757978454670249
-1.254709438621619,-0.06371566140875368
0.37694409502859005,-0.9982147095103313
1.9172169906642427,-1.0417163240051766
-1.1849211214275868,-1.3637478023359135
-0.4856217238912663,-1.2625339801977682
1.1472172715060645,-0.004148599321719057
1.7168871856622177,-0.35975444560071357
1.2192749784748749,-1.0782692022775913
0.034955861846139226,-1.7382731240717293
-0.37319791467173646,-0.04825016307375875
-0.3035628653014928,-1.1148556360879567
-1.8668199075690308,-0.8850660376210909
1.5540554507143014,0.9752507808919358
-1.2679494660517823,-0.8691230694147434
0.05224611386812054,2.828666230821838
0.17590471862267226,0.45484806758551577
-0.2650307083511027,0.17320007967419637
0.5241936300023798,-1.1513983825582232
0.6126757166708523,0.44942356135636474
1.0016025304778855,-0.06730110213609808
-1.3398547400704168,-1.0023669588890638
-1.1145762831852424,-0.1294898663849654
-0.525411372689825,-0.2925223103930583
0.8247392630126749,1.0701373000938503
0.28310749708889243,0.9846828811102389
1.1376627245884865,-0.390674908176336
-2.929295830388031,-0.15136812948852
-0.5919213350898963,-0.19339640972593777
-1.3056891459740314,-1.5357617079768504
0.5357741448116543,-2.1549464121829636
-0.5289588757997671,-0.03189489647835961
0.2544368282529031,1.3166221857080533
-0.6168467807818727,-0.24182749007052043
0.9958752927025891,0.7269994102440137
1.1843956269841793,0.08143453757984512
-0.5925160807025959,0.6854009805042276
0.16340174591539175,2.854189983938856
-1.9842839092928075,-0.5078311641665572
0.512540759937412,-0.20158499417111655
-0.004037431694124918,0.3324138487867915
-1.896347910180824,-0.22155372736663417
-2.5719723095321747,-0.6922814216953994
-0.9611329216467863,-0.4732467501861184
-0.547202880540538,-0.12950180777201353
4.755545183809492,-2.2691709926711425
0.4121482641591708,0.10267856643243511
-0.007605603685669066,0.5087163545854796
-0.5534500218918647,0.3636334125725219
-0.8018692977133185,1.3913670557302573
1.1600274349532806,-0.06763540920171315
-0.41833498649849293,2.349812865787116
1.3947511617424861,-1.5981618199000542
3.1623038599584676,0.2305002263122354
-1.12865237426536,-0.6283753571511825
-0.07761961078492463,-1.040531735795029
-0.04065355024798219,0.32890403336695906
0.6432734352158497,-0.8042815735883044
-0.742498058045785,1.668681126698323
-0.30501899174720093,-0.461714235667515
-0.5529035756993629,2.8738702736806
0.6025861155828733,0.11441113424824952
-1.0160590109526721,-0.6032316478508589
-0.36283514092321145,-0.15965844754987144
0.2648289946490574,0.6851953291556495
-0.7074399970916707,-1.3655535494013635
1.0216801189521525,-0.36971785756718045
-1.7439575191349814,-0.742301690315412
-0.8450929478654803,-1.0097568180721515
0.2917295412101102,1.2957505718703397
1.5072083898845332,0.9744456392411021
-0.20532691532947964,0.06560953433645944
-0.2119439955090705,-1.3786692421262137
-1.3929245062016968,-0.027666066090878766
-0.5972277662695336,-1.1830041451144255
1.6462293484506807,1.68203482084428
-1.137324670716509,1.8214266211309458
0.8332720205709605,0.8579245162068946
-0.37590408022947785,-1.1647630040995394
-1.353160189755451,-0.6590369085821145
-1.223721882732329,-0.9079494953051804
-2.099985674982714,-1.6394832250168168
3.9236826927984527,-1.1275066042229793
0.21135644624288055,0.8442709695719366
0.7550219357354474,1.623298630119596
0.9663686977871238,-1.1189199465690627
0.7709542757073093,0.19671117925328127
-1.6046564113505843,-0.5097438982390478
0.32214027229023695,0.8408306399880552
1.7203257535725083,-0.14595829989726236
0.5966375547035923,0.380186536990779
-2.564411243024137,0.15880632869898403
0.17311090322546152,-1.2850399632158807
0.669505867722097,0.18927254893864043
1.4812250357519703,0.1531385630803588
0.15253067296068593,0.46356343505640196
1.6033380661121543,-0.4840255175739009
0.032745885897550654,0.28891591098770275
0.3368483081276119,-0.984804699156203
-2.4114333855627312,-0.293747658543834
-0.20008726528024545,-1.0003733826095775
-2.380708966134852,-0.4512905455920254
-0.5221055606775786,0.0824968595094365
0.30561486005388205,1.3077258486202972
0.40219779519232945,1.5638195319382056
0.7013474466518832,-0.7688330071146713
-0.6470621755195115,-1.2600744566754982
0.2547126166217232,1.9231179087292098
0.20719948234291194,0.9474167883357734
1.3796660586200136,0.9863493181656209
-1.5146895475185214,-0.35491801419749514
0.3972830620173273,1.3714454704895567
-0.0622197767657105,0.2519143632634858
4.32294608701807,-1.1741139676107764
0.3731571975016535,2.801813435347361
-0.6948427775396925,-1.0444968805949586
-0.8470491230299261,-0.06320842504006019
0.9977521248157974,-0.0004194303397566379
0.6306622943287798,1.361405212455207
-0.9772964360743237,-0.10909157827253946
2.2408745173384714,0.8188465321188202
-0.013452917677299642,1.8102511969948287
-0.5619460627376067,1.0342758822760567
0.3267282962956361,0.610152537530922
0.6909861705250478,-0.8458671692337323
-0.7519322927765705,0.1629057683846292
1.1831539261079314,0.33933552549107393
-0.06503364075629932,0.22978612204815144
0.12499581951086208,1.4849299082072096
-0.4661097554512704,1.252367550171872
2.1289763511674065,0.010131510796920887
-1.4921149735436854,-0.656746088801717
0.986623945010739,-0.41900961307512596
-0.21482122086284924,2.559749203211535
3.6762681999853224,-1.9641361226053071
1.167794011648097,-0.07396350322862849
-0.5743730408923865,-0.36666404094479077
3.283439244939272,-1.3709015710828374
1.0496883656217968,-0.15395497502663882
-1.233755209403194,-0.9265659402367593
-1.0334212411904378,-1.2264052414022109
-0.3368920901507847,0.36602648318730924
0.67929339855106,-0.4045932021827616
0.23610634027324742,0.5169771665919038
0.4706665127776194,-0.02899445878953924
-0.14393621182347047,2.2736797167417784
-0.49320975044223464,-0.17835790181842437
0.13553716484902129,0.5989970075915672
-1.2283447194603034,-1.7448419101309884
0.33759531675627724,0.5631782483256862
0.575918271778908,0.6938349030931531
0.5563607379916019,-1.4587049367428366
0.060573455631813815,-0.25038889102733397
-0.4690450172816498,-0.24306927591342972
-0.05547809917503072,0.11751588001133946
0.24367997411021428,0.08846915175913418
1.2500491187856362,-0.49436957220015465
0.7436495578305528,-0.8077547165601165
-0.9580258718886279,1.7562321009137107
-0.1030886404385643,0.1457693045359716
2.9761359498515323,-0.37254761351785715
-0.3694399915477845,-0.25229901664803356
1.0540722364847606,-1.1881708740251145
0.2567650752550429,0.14556196573558272
-0.3809230005927275,0.4181231090396986
0.5607486024686634,-0.6748120333267503
1.4149273925097945,1.4974249429937505
-0.28391857896701245,-0.6992567277634347
-0.32849572948012346,2.6005833564600462
0.5386556924073466,1.0432066031697602
0.7327126111887482,1.6546708339251541
-2.565043544106229,-0.03672058858197741
3.591951688580749,-0.45711161221838204
0.10177294029864672,0.8636725686677235
0.7717584568522414,0.6597995802450637
-0.3958649960663002,1.2598111242190426
1.920846986257981,0.06861895585465633
-0.7390736034367302,-0.21702150264261968
0.20155344405291656,0.5106967546037864
0.371181758128207,-0.8093212282875316
-1.8639915998738106,-0.8676816434042876
-1.042499265841507,-0.3597562040503891
0.36511149710770874,1.034103701644251
-1.3107370549152988,0.579183596927557
-0.7334399988390756,0.4624286064746129
1.3913361821885573,-0.4760914175925579
0.8560809747603132,0.0829578602421174
1.314517844617524,-0.7513520491781327
-2.4205504830475655,-0.863061242459043
0.3448207394919224,1.7627613768475072
1.0850771579395058,0.2937828949327672
-1.2915327302823685,0.6392140872173075
0.27286326482163087,-1.2814468388834737
-0.6872284063503001,2.046710600913492
0.008425102752594324,-0.9488298343374884
-0.8201943076001106,-0.0373693219817091
-1.08351370933616,2.7591301739455796
0.21914399312178348,0.9253462501547218
-0.052165023736069537,0.8725436507484243
0.2288565869075814,-0.30658051164299016
0.2579976630608174,0.9158932594926249
-2.1488420624549187,-0.20253932767032093
0.05997849188630818,-1.0499254394917164
2.596863796067675,0.16430482525641488
-0.8290447477589555,-0.9096148609688527
1.731482453909485,-0.021531956428572238
-0.3232974385806714,0.6378669380482307
-0.2102551174003668,0.3056850901188192
-0.08746027885179473,-1.0181848700374796
0.7369244871190753,0.3177590560208078
0.018841714928590637,-0.90620618605081
0.8192068879168077,-0.3667427335560365
-1.4124802227041666,1.1062904667287161
-1.4689514994721278,1.2389414124311708
3.8640917610601915,-2.1989457134258905
1.0568592731356616,-0.6914419341468859
1.3498722866685762,-0.2320708562800445
-0.6671140955801702,-0.32366757894374487
-0.3549079004522081,-1.7701137331309897
-1.7011028015235998,-0.8433494318384143
0.267901922379653,2.419627700161294
0.812608029546763,-0.9786170837401407
-0.9132572724509952,-0.18088453272000632
1.1078986092478518,-0.5457947556855346
-0.9552964115602072,-0.17758547229196123
0.17661386802493123,1.6722164285118009
-2.1155959492548777,-0.031697524577300115
-0.03147667672326816,0.7287250733443706
-1.2538968068541168,-0.4574452704625577
0.011563927179029675,-0.6137918422617876
0.34052735214527086,0.7606975231109023
0.8775682975410223,-0.9004884242338669
1.7859546799239305,0.4509568910416877
0.3099070045611838,1.9832328027054673
-0.11715279272405774,0.1028738013638129
-0.5022820806323106,-0.4544405630216045
-1.0175472717444505,-0.7444251295887515
-0.024463915606150313,2.8742360239753775
1.372115115180129,1.153413024905876
-0.5156888495101216,1.856793395826562
1.2134513006493823,-1.0361314527304113
-0.13904929576695033,0.46145993401991015
2.3310038567261984,-0.4642286296630338
-1.8093716278524214,-0.6275587884179258
0.4763006931496053,1.2038559087717458
0.4739510310808961,0.6810378235159947
-1.6245210250404634,-0.4594095950393765
1.360873642846186,2.346540937270057
0.13858853308510588,-0.34138055380025356
-1.0479603197824847,0.7307516835461867
-1.2403365737398568,-0.7902938468829027
-0.5887041161022495,-0.8163610641190368
0.1494192121462587,0.8891686118658003
0.6851833178662414,0.5069884170372411
0.040367699003604755,-0.6405857215897892
1.829338774626106,0.6149436739799823
-0.15820275277190957,-0.4210227609918512
-0.12899198223208116,-0.4471301189602528
0.40611243157590404,-0.10711739878577711
1.162767963866874,-0.12326033541570508
1.9281057064034297,0.753438804595135
-0.7563613699959177,1.5623188241280668
-2.3344453835468064,0.6985316857984571
-0.3475278687546358,-0.1146095882505552
1.8368169652359123,-0.7442612738472869
0.06806188009916264,-0.6332401177006662
-0.8240162301155193,-0.3554440578564888
1.3896599648176642,-0.4442318424094224
-2.4358429642190296,-0.542633840681109
1.1509191753809376,-0.18754954584858466
-2.0268269521941935,-1.1395693340609219
-1.2187893936265806,0.17455236745839525
1.0620717860840738,0.9391646876709013
-0.47065804165886876,-0.1432517503971279
-0.530189263103805,0.13510566864088308
-1.0070738238768826,-1.0302727271121448
0.685730276619033,1.1666669897831254
0.5001207848429484,1.583284790788801
3.2303235197668223,-1.197698106565521
0.23556238373465063,1.1238854246472765
0.09706678890452008,0.3022200478822956
-0.3906135976471481,-1.6086513128237003
-1.2152712512351418,-0.7564085709656944
0.6139676629249423,-1.1177585558815744
0.31950429963968685,0.8445617134672894
1.5498214775480208,0.9881805526261686
-2.2603052723511343,-0.4351564279284662
0.7755310287605176,0.01181356871496382
-2.645899134983367,-0.45302481960776864
0.23013670569572972,-0.5800574625688119
-1.3094799474598138,3.563671790326339
0.2150971582586639,-0.998470867368495
-0.07625114885206281,0.13573835538391732
-0.16435709935358836,0.4853611607844155
-2.4760293049493938,0.3027047976232472
-0.6838730809859512,-2.162672395345441
-0.6472945309078008,-0.2060339911689281
0.5731929070713561,0.8081718581418481
0.8538997515027026,-0.3326265637235414
3.4050152807005762,-1.8177726900901376
1.8787939495073256,-0.6639810175802533
-1.7735306564943678,-0.6804087099401389
1.6968630760719716,0.8583645070841602
-0.42409780183587853,1.9399448076399175
-0.9224194640443386,-1.818702963209191
0.7667236299008174,1.115929942594908
-0.29420752734299077,-1.1736185219725914
-0.31397439101755276,0.25582763150034993
0.6586336215357759,0.6939690805832176
1.034818070226373,-0.6690748751922915
0.310417347272255,-0.31487886747200244
-0.4487493381309438,-0.9801529257952208
0.6322799143722173,0.41615571630215165
-0.3621110093396086,-0.3673501115698289
0.8498957550191893,-0.274104613803518
-0.11077759710618114,0.21639516821019517
-1.2279774807571446,-0.21462071550633785
-0.8348120592856348,1.2773186428653767
-0.5878495730661107,-1.100643790542632
0.5430727586175842,-0.36586854682353886
0.2278993820858957,-0.7997558921228948
-0.5603781262914923,0.22607009207440562
1.5924737842544445,-1.0063318690318042
-0.6262560186096195,-2.323937810779527
0.23002044717418516,0.5787621040492852
0.669741315522519,0.5356546352772587
0.6427770238283167,0.9634013335156322
2.6177939965884134,-1.1631786116835197
1.3313458883787448,0.33216752146212714
-1.5232657990007743,-0.9799387438660394
-0.10076617048069664,0.8442916858587372
0.7252649037670906,1.0464571990486917
0.19503504042921213,0.9954811659015588
-2.7517407977940374,0.48590101698266974
-0.3412365969621076,-0.5743523349474449
1.3615312931805694,0.9329134277321267
2.1248621817737345,-1.3545114899478659
-0.214864674743334,-2.098309686449068
-0.4875437412394016,-1.3899410732998252
3.2647197957824345,-1.5793564143751615
-1.0769277075090984,-0.4555535587327453
-2.01581119844428,-0.5012947043756195
-0.9699865356968681,0.3389123867329169
-0.15225584011405355,-0.38831221654172066
-1.3563862216615679,-1.0046427041507924
0.46629899471512903,1.217727736299298
1.234976705920061,-0.2760613479031937
0.5627600973098935,-0.9810627909334895
-0.638074785942903,0.004266249460481916
-0.8870086956036201,-1.7316633485681545
0.42914191290304415,-0.1562233951342802
-1.3089984301096027,-1.2284621002183513
-0.236541952122968,0.14862545567389837
-0.5938792708791819,-0.3009621202531313
0.17337005060462218,0.5170871585355717
1.923277409621389,-0.8991694679216724
-2.022656418230223,-0.5298391452584388
-0.10260231064502133,0.06635070624888469
0.8777800882697717,-1.6751134601434088
2.3709318263242998,0.9692317161178052
1.3257036900964547,-0.7973313978429063
-0.5914274071916507,0.25591606858687344
0.20162976622589587,0.36967408058782836
1.6408441586596336,0.7452833776591266
2.2114404456416583,0.1083044304629712
0.9054784580115338,-0.7736394241827932
0.4747412332098371,0.9975864273482707
-2.1486492588737214,-1.4851335764421396
3.321762106548374,-1.6145258809471783
-0.04315976646715395,-1.1906139690907445
-1.732009601379065,-1.3762924092810669
-0.866105145557124,-0.4768384336732746
0.8374767031823899,-0.23344451010046888
-1.0996969229689821,-1.01102397279331
0.4069731802523966,0.8756532115294315
1.2044886059396038,1.7287361641716374
-1.5262399004832043,-0.7388548346120967
-0.5397741561437563,-0.28016186278730393
0.24194884096163075,1.8865691476799573
-0.8603361705314356,0.7573956467559569
0.062121521384036406,0.7790833410291107
-0.3792910985762964,0.42456970331972776
-0.8022098386972091,-0.41341646170394397
3.9686068019790492,-1.3846406993730698
0.22878798411627796,-0.6722770725186511
-1.564853883837127,-0.6864096306089119
-0.42195223433125206,1.9603918106496712
-1.0350324083440074,-0.7602548684430627
0.9369123757865568,0.40470300813038695
0.9682722869918061,-1.0083641401922125
-0.09190663038811334,0.45745643190558005
0.7393447886065785,2.1871975746353027
-1.3551551543957248,-0.13254641813144794
-1.2452899140176132,1.4810276016633168
-0.5721652315958752,0.6797898915231781
-1.820981150654864,2.3960561160735545
-0.32704648185629026,1.222649318689391
0.24264076156954953,1.025992655209524
0.9053818950624747,-0.5949145345376813
-2.0115875362049693,-0.9237042466286562
2.0037775591451474,-0.922022026851788
-0.15128755540422442,-0.02079632091118236
-0.014911857552846547,-0.006181281547462461
-0.2737450521159993,0.2692984907403162
0.8180878135135938,0.04663435330784128
1.4384727957446666,0.24764284761531533
-1.1929032236214536,-1.0074880081256294
-0.8075366689164214,0.5853924868231049
-0.9628622161451662,1.228466185208292
0.4760999816044478,-0.32406907408297425
-0.4308854793856204,-0.4037000714675124
-0.4562225559331757,0.7737815549131305
-0.2593236049211312,-1.799324431107602
-0.15005008201663242,-0.2715940223468313
0.3386385462135816,-1.270858040815756
0.6590328829326665,0.13072842065240103
0.6389919683192105,-0.1437548163127073
-0.5948197415863966,2.1021231658532984
-2.25302800279728,0.6476645043904994
-0.675570219826182,0.7635493426858606
-0.7866168150495488,1.1393430801317073
1.4043627330828197,-0.5129701008236861
3.474127200352508,-2.2287310528295343
0.048029558640764976,0.6166350148496343
0.049336999176875417,-0.3665391769598322
1.106611651616232,-0.8585921275429581
0.20700184654633144,0.1833077180418673
2.078432227788759,0.30281511739714256
-0.04423566253108764,-0.37229667504154584
-1.1555675941008152,1.1788092386764601
0.7476373628769498,1.555428629447432
0.3816629108508508,0.4056939606000737
-0.7348318748463203,-0.2875431134501535
-1.6310626265376054,-0.7381324788010838
-0.29833432106798036,-0.6333815917632295
0.5822569039158969,0.28819223847775843
-0.3789293701086546,-1.3685472670134262
-1.1940532682311007,-0.7352008990141351
1.717911774682565,-1.3518013118693097
-1.0686167106860693,-0.7034691260223657
-0.4394043606787431,-0.988090234673829
-0.25037319816202386,-1.1875267401609404
1.0901478317436384,0.5725359176549301
-0.9975126878920055,-0.40070248252560314
0.7554334563126963,1.2214983773054333
0.24451133597626554,2.2599733236497572
-0.6087957456000725,-0.48862788836933324
-0.02551083905626573,-1.2501201023613977
0.043573195334712884,-0.7161118366690514
0.25360299030878247,0.5933589400538855
-0.5639717939628528,0.12400078410401924
0.10999744144250684,-1.3109136787010085
-1.707864846570625,-2.2412957088606604
-1.4848811263336097,-0.24547619816253421
0.6987961698059131,0.36203587468564735
-1.3803796368328385,-0.3907342123492583
-0.8724977195890034,-0.9114101887480152
0.05667560016472812,-1.133875323060353
-0.10410899612655836,-1.2947757674411817
-0.9440351714854585,-0.31110596615032493
-0.39927281528193304,-0.6517461003619489
0.21878841651729478,0.8664444345784033
1.0331926824887074,0.9235658138688481
0.9532679077115713,-0.11187191211202946
0.42396582966842244,1.5791842592438627
0.2247347941554693,1.3564474789341274
0.3892698522422422,1.2015571336492037
0.35054098071395956,0.6127375417786148
-0.3554714517098959,0.4486582609152766
-2.0985562885919395,-0.7640810768489977
1.2088724249337586,2.4341899067061625
-1.2668755450114237,0.9455331542291205
0.1445631005551215,1.2861814102483178
2.2395242944474822,0.6739121119531298
0.7780066407025663,-0.6726174644958491
-0.6998642913804127,1.0406437515003701
0.9032772044374348,0.83559381985507
-0.6209941325445182,-0.27957729389322017
0.6958199984836829,3.154887279908743
-2.2224896587606016,0.09064382926979034
-0.6291177950036391,1.1189261083412902
0.09131296485033305,-0.5140496086691432
-0.6131951244169266,-0.3175900978653079
0.0627900652061621,1.1938961201328882
0.11369390540472327,0.9037102924372384
1.7105200255413928,-0.7246642251625834
-0.19994647601417212,0.27809652147799546
-1.619695307681748,-0.8574196247185155
0.6725658890176308,1.248196729666392
-0.4367939397781566,0.13434158843340266
-0.735234327891148,0.3194678927127733
-0.7960570115091062,-0.6889654308884003
0.03130319465014556,0.19906519175262197
-0.25997782806389785,1.2364191490668814
2.291936133599076,-1.1168989125199424
0.2825686955740354,-0.8835193631925379
-0.03138430267802686,-0.34003386116764844
0.02163143070437725,1.2136627031393148
-0.8655313846850995,-0.40295510744055096
-1.9990904828318699,-1.168841963929001
1.001588249115871,1.3116567478558132
-0.04766849128969344,0.9341705148386154
-0.4875225401504468,-0.7202830753895284
3.826152560905867,-0.3523758865079947
-0.8944818163958856,-0.9553895320724297
-0.8588180235511952,-1.5110257984782627
0.44272491504629835,-1.349612634035431
-1.4844108332637929,-1.2645429135913573
-1.2357910693674001,0.007007135582017765
-0.7124396498709775,-0.44762790620057247
-0.043242163812725234,2.511838978402674
0.1452442821717433,1.1778797101501872
-1.3184599383006206,-0.6606359526898035
0.5529348875653515,-0.04523670042126582
-0.6360686135792418,1.1200647650573643
-0.4185829616789495,0.45360200009930185
-0.9526791435069166,-0.3080760818572277
0.10223441708913045,2.986344671271134
-1.9102806051101457,-0.09987683400489214
-1.6318726539965902,-0.4660564815648661
0.10289568030319224,0.3840060729188911
0.24154584547743077,0.633482407621194
1.6811379687976102,0.011581805379875548
-2.4875357961829345,1.131457858050427
-0.4294009525115027,0.9179457157715641
4.796580194705026,-1.8726312057474381
-1.5460839560060748,-0.8337721508078729
0.3602174664410692,0.3815236959108854
0.9041410760040461,1.5000906379159948
1.0657848681782742,1.4570747395719121
0.7097476859597254,0.4566235727655781
-1.2394049150463387,-0.5885121510485178
3.6369036895335642,-1.284533917051929
-0.00041346082315842775,-0.6626627749426075
-0.4238446312958619,0.6151470235858478
1.2913459996407106,1.1297338340673484
-0.4485690773217499,-1.259754247804977
-1.4764489723527272,-0.9595637095522771
-0.8415916882860368,-0.6029314041503819
0.02144277446937124,-0.1840316863236759
0.1251926584138124,-1.1557467921844202
-0.44386660958167434,0.12650698523334641
-0.15828662294302034,0.009648894528637028
-1.39428314825296,-1.0483880180630247
-2.4838084372523346,-0.39291305731511894
1.347608657106134,0.23676130511128804
-0.9575089595906594,-1.5351299783315078
-0.23962518377957795,0.47855414327280965
-2.9351122532426475,0.48552296118536076
-0.196561793337659,-2.526859128044786
-1.9806803208215935,-0.5116517589395986
0.5780404371370802,-0.8817636981964888
-1.714165113439487,0.5673886725308145
0.26783675935207163,-0.5181838549523293
1.1617954537798258,0.37527749982445835
-0.3638974281278077,-0.5424947514634174
